UniprotID	AnnotatedIndices	GOTerm	Sequence
Q75E28	[(461, 553), (606, 694)]	['GO:0010494']	MSLVNSHSSASVENAAYNLHRAFSSSTENVGHMTPSNSSPLHHSTVVAMGAESQGGGASNNNNNPANPGSTANNNSNNVNMNSIGGGASLGAGSGATGSISGTKGMNNSHSPLHIATMLNTLSMNSNPPSQQQSNVQGPYLVRLQNVPKDTTLRECHALFALAHGVLSIELSSFQQYAERSQTSGQESTNYIVAKFDSLHLACQYATILDEKAQIFGPSFPFKTYVEVVDELTQQQIPFQTQMQMHQGSPPAPTHVTAYQQPLLSASGVVSPPQSASSVKRPSLLVQRSRFSFTDPFSSEQTNMGSQQPDLITTPLKGHQDTGKSFLLMESDEINDSIWGNGTGIPSSISGLTTSQPPTPHLEWGTTGRRQSSTFYPSQSNTEIPPMHLTGQVQSSQLATGLQQPLPQPQRQSLSYNLVTPLSSDMNLPPQSSQGGILPHQAPAQTQPQSQALQHHQHLHHQQQQLQQQQHHLQQQQHQQQQQSLSQQPQQQQSQQSQAHSQQHQQQHQQQQQQQQPQQQQPQQHPPQQPQQQNSQQAIVGQSQQQVTSGQQKGSSRNSISKTLQVNGPKNAAAALQNTNGISQVDLSLLAKVPPPANPADQNPPCNTLYVGNLPPDATEQELRQLFSSQKGFRRLSFRNKNNNGNGHGPMCFVEFEDVAHATRALAELYGSQLARTSGTHNNKGGIRLSFSKNPLGVRGPNSRRGGATNNTSNAGTTNYSYAAAFGKS
D0PV95	[(1, 168)]	['GO:0018994', 'GO:0043186']	MESNQSNNGGSGNAALNRGGRYVPPHLRGGDGGAAAAASAGGDDRRGGAGGGGYRRGGGNSGGGGGGGYDRGYNDNRDDRDNRGGSGGYGRDRNYEDRGYNGGGGGGGNRGYNNNRGGGGGGYNRQDRGDGGSSNFSRGGYNNRDEGSDNRGSGRSYNNDRRDNGGDGQNTRWNNLDAPPSRGTSKWENRGARDERIEQELFSGQLSGINFDKYEEIPVEATGDDVPQPISLFSDLSLHEWIEENIKTAGYDRPTPVQKYSIPALQGGRDLMSCAQTGSGKTAAFLVPLVNAILQDGPDAVHRSVTSSGGRKKQYPSALVLSPTRELSLQIFNESRKFAYRTPITSALLYGGRENYKDQIHKLRLGCHILIATPGRLIDVMDQGLIGMEGCRYLVLDEADRMLDMGFEPQIRQIVECNRMPSKEERITAMFSATFPKEIQLLAQDFLKENYVFLAVGRVGSTSENIMQKIVWVEEDEKRSYLMDLLDATGDSSLTLVFVETKRGASDLAYYLNRQNYEVVTIHGDLKQFEREKHLDLFRTGTAPILVATAVAARGLDIPNVKHVINYDLPSDVDEYVHRIGRTGRVGNVGLATSFFNDKNRNIARELMDLIVEANQELPDWLEGMSGDMRSGGGYRGRGGRGNGQRFGGRDHRYQGGSGNGGGGNGGGGGFGGGGQRSGGGGGFQSGGGGGRQQQQQQRAQPQQDWWS
Q7ZXV8	[(93, 452)]	['GO:1990047']	MGRKKKKQLKPWCWYCNRDFDDEKILIQHQKAKHFKCHICHKKLYTGPGLAIHCMQVHKETIDAVPNAIPGRTDIELEIYGMEGIPEKDMEERRRILEQKTQVDGQKKKTNQDDSDYDDDDDTAPSTSFQQMQTQQAFMPTMGQPGIPGLPGAPGMPPGITSLMPAVPPLISGIPHVMAGMHPHGMMSMGGMMHPHRPGIPPMMAGLPPGVPPPGLRPGIPPVTQAQPALSQAVVSRLPVPSTSAPALQSVPKPLFPSAGQAQAHISGPVGTDFKPLNNIPATTAEHPKPTFPAYTQSTMSTTSTTNSTASKPSTSITSKPATLTTTSATSKLVHPDEDISLEEKRAQLPKYQRNLPRPGQAPISNMGSTAVGPLGAMMAPRPGLPPQQHGMRHPLPPHGQYGAPLQGMAGYHPGTMPPFGQGPPMVPPFQGGPPRPLMGIRPPVMSQGGRY
P35637	[(1, 526)]	['GO:0010494', 'GO:0036464']	MASNDYTQQATQSYGAYPTQPGQGYSQQSSQPYGQQSYSGYSQSTDTSGYGQSSYSSYGQSQNTGYGTQSTPQGYGSTGGYGSSQSSQSSYGQQSSYPGYGQQPAPSSTSGSYGSSSQSSSYGQPQSGSYSQQPSYGGQQQSYGQQQSYNPPQGYGQQNQYNSSSGGGGGGGGGGNYGQDQSSMSSGGGSGGGYGNQDQSGGGGSGGYGQQDRGGRGRGGSGGGGGGGGGGYNRSSGGYEPRGRGGGRGGRGGMGGSDRGGFNKFGGPRDQGSRHDSEQDNSDNNTIFVQGLGENVTIESVADYFKQIGIIKTNKKTGQPMINLYTDRETGKLKGEATVSFDDPPSAKAAIDWFDGKEFSGNPIKVSFATRRADFNRGGGNGRGGRGRGGPMGRGGYGGGGSGGGGRGGFPSGGGGGGGQQRAGDWKCPNPTCENMNFSWRNECNQCKAPKPDGPGGGPGGSHMGGNYGDDRRGGRGGYDRGGYRGRGGDRGGFRGGRGGGDRGGFGPGKMDSRGEHRQDRRERPY
Q06787	[(445, 632)]	['GO:0010494', 'GO:0036464', 'GO:0043005', 'GO:0071598']	MEELVVEVRGSNGAFYKAFVKDVHEDSITVAFENNWQPDRQIPFHDVRFPPPVGYNKDINESDEVEVYSRANEKEPCCWWLAKVRMIKGEFYVIEYAACDATYNEIVTIERLRSVNPNKPATKDTFHKIKLDVPEDLRQMCAKEAAHKDFKKAVGAFSVTYDPENYQLVILSINEVTSKRAHMLIDMHFRSLRTKLSLIMRNEEASKQLESSRQLASRFHEQFIVREDLMGLAIGTHGANIQQARKVPGVTAIDLDEDTCTFHIYGEDQDAVKKARSFLEFAEDVIQVPRNLVGKVIGKNGKLIQEIVDKSGVVRVRIEAENEKNVPQEEEIMPPNSLPSNNSRVGPNAPEEKKHLDIKENSTHFSQPNSTKVQRVLVASSVVAGESQKPELKAWQGMVPFVFVGTKDSIANATVLLDYHLNYLKEVDQLRLERLQIDEQLRQIGASSRPPPNRTDKEKSYVTDDGQGMGRGSRPYRNRGHGRRGPGYTSGTNSEASNASETESDHRDELSDWSLAPTEEERESFLRRGDGRRRGGGGRGQGGRGRGGGFKGNDDHSRTDNRPRNPREAKGRTTDGSLQIRVDCNNERSVHTKTLQNTSSEGSRLRTGKDRNQKKEKPDSVDGQQPLVNGVP
Q92804	[(1, 180), (181, 216), (234, 320)]	['GO:0043232']	MSDSGSYGQSGGEQQSYSTYGNPGSQGYGQASQSYSGYGQTTDSSYGQNYSGYSSYGQSQSGYSQSYGGYENQKQSSYSQQPYNNQGQQQNMESSGSQGGRAPSYDQPDYGQQDSYDQQSGYDQHQGSYDEQSNYDQQHDSYSQNQQSYHSQRENYSHHTQDDRRDVSRYGEDNRGYGGSQGGGRGRGGYDKDGRGPMTGSSGGDRGGFKNFGGHRDYGPRTDADSESDNSDNNTIFVQGLGEGVSTDQVGEFFKQIGIIKTNKKTGKPMINLYTDKDTGKPKGEATVSFDDPPSAKAAIDWFDGKEFHGNIIKVSFATRRPEFMRGGGSGGGRRGRGGYRGRGGFQGRGGDPKSGDWVCPNPSCGNMNFARRNSCNQCNEPRPEDSRPSGGDFRGRGYGGERGYRGRGGRGGDRGGYGGDRSGGGYGGDRSSGGGYSGDRSGGGYGGDRSGGGYGGDRGGGYGGDRGGGYGGDRGGGYGGDRGGYGGDRGGGYGGDRGGYGGDRGGYGGDRGGYGGDRGGYGGDRSRGGYGGDRGGGSGYGGDRSGGYGGDRSGGGYGGDRGGGYGGDRGGYGGKMGGRNDYRNDQRNRPY
Q13148	[(1, 102), (263, 414)]	['GO:0010494', 'GO:0036464']	MSEYIRVTEDENDEPIEIPSEDDGTVLLSTVTAQFPGACGLRYRNPVSQCMRGVRLVEGILHAPDAGWGNLVYVVNYPKDNKRKMDETDASSAVKVKRAVQKTSDLIVLGLPWKTTEQDLKEYFSTFGEVLMVQVKKDLKTGHSKGFGFVRFTEYETQVKVMSQRHMIDGRWCDCKLPNSKQSQDEPLRSRKVFVGRCTEDMTEDELREFFSQYGDVMDVFIPKPFRAFAFVTFADDQIAQSLCGEDLIIKGISVHISNAEPKHNSNRQLERSGRFGGNPGGFGNQGGFGNSRGGGAGLGNNQGSNMGGGMNFGAFSINPAMMAAAQAALQSSWGMMGMLASQQNQSGPSGNNQNQGNMQREPNQAFGSGNNSYSGSNSGAAIGWGSASNAGSGSGFNGGFGSSMDSKSSGWGM
Q01844	[(1, 285), (286, 360), (361, 447)]	['GO:0043232']	MASTDYSTYSQAAAQQGYSAYTAQPTQGYAQTTQAYGQQSYGTYGQPTDVSYTQAQTTATYGQTAYATSYGQPPTGYTTPTAPQAYSQPVQGYGTGAYDTTTATVTTTQASYAAQSAYGTQPAYPAYGQQPAATAPTRPQDGNKPTETSQPQSSTGGYNQPSLGYGQSNYSYPQVPGSYPMQPVTAPPSYPPTSYSSTQPTSYDQSSYSQQNTYGQPSSYGQQSSYGQQSSYGQQPPTSYPPQTGSYSQAPSQYSQQSSSYGQQSSFRQDHPSSMGVYGQESGGFSGPGENRSMSGPDNRGRGRGGFDRGGMSRGGRGGGRGGMGSAGERGGFNKPGGPMDEGPDLDLGPPVDPDEDSDNSAIYVQGLNDSVTLDDLADFFKQCGVVKMNKRTGQPMIHIYLDKETGKPKGDATVSYEDPPTAKAAVEWFDGKDFQGSKLKVSLARKKPPMNSMRGGLPPREGRGMPPPLRGGPGGPGGPGGPMGRMGGRGGDRGGFPPRGPRGSRGNPSGGGNVQHRAGDWQCPNPGCGNQNFAWRTECNQCKAPKPEGFLPPPFPPPGGDRGRGGPGGMRGGRGGLMDRGGPGGMFRGGRGGDRGGFRGGRGMDRGGFGGGRRGGPGGPPGPLMEQMGGRRGGRGGPGKMDKGEHRQERRDRPY
P09651	[(186, 372)]	['GO:0010494']	MSKSESPKEPEQLRKLFIGGLSFETTDESLRSHFEQWGTLTDCVVMRDPNTKRSRGFGFVTYATVEEVDAAMNARPHKVDGRVVEPKRAVSREDSQRPGAHLTVKKIFVGGIKEDTEEHHLRDYFEQYGKIEVIEIMTDRGSGKKRGFAFVTFDDHDSVDKIVIQKYHTVNGHNCEVRKALSKQEMASASSSQRGRSGSGNFGGGRGGGFGGNDNFGRGGNFSGRGGFGGSRGGGGYGGSGDGYNGFGNDGGYGGGGPGYSGGSRGYGSGGQGYGNQGSGYGGSGSYDSYNNGGGGGFGGGSGSNFGGGGSYNDFGNYNNQSSNFGPMKGGNFGGRSSGPYGGGGQYFAKPRNQGGYGGSSSSSSYGSGRRF
P22626-2	[(1, 341)]	['GO:0010494', 'GO:0036464']	MEREKEQFRKLFIGGLSFETTEESLRNYYEQWGKLTDCVVMRDPASKRSRGFGFVTFSSMAEVDAAMAARPHSIDGRVVEPKRAVAREESGKPGAHVTVKKLFVGGIKEDTEEHHLRDYFEEYGKIDTIEIITDRQSGKKRGFGFVTFDDHDPVDKIVLQKYHTINGHNAEVRKALSRQEMQEVQSSRSGRGGNFGFGDSRGGGGNFGPGPGSNFRGGSDGYGSGRGFGDGYNGYGGGPGGGNFGGSPGYGGGRGGYGGGGPGYGNQGGGYGGGYDNYGGGNYGSGNYNDFGNYNQQPSNYGPMKSGNFGGSRNMGGPYGGGNYGPGGSGGSGGYGGRSRY
P31483	[(1, 386)]	['GO:0010494']	MEDEMPKTLYVGNLSRDVTEALILQLFSQIGPCKNCKMIMDTAGNDPYCFVEFHEHRHAAAALAAMNGRKIMGKEVKVNWATTPSSQKKDTSSSTVVSTQRSQDHFHVFVGDLSPEITTEDIKAAFAPFGRISDARVVKDMATGKSKGYGFVSFFNKWDAENAIQQMGGQWLGGRQIRTNWATRKPPAPKSTYESNTKQLSYDEVVNQSSPSNCTVYCGGVTSGLTEQLMRQTFSPFGQIMEIRVFPDKGYSFVRFNSHESAAHAIVSVNGTTIEGHVVKCYWGKETLDMINPVQQQNQIGYPQPYGQWGQWYGNAQQIGQYMPNGWQVPAYGMYGQAWNQQGFNQTQSSAPWMGPNYGVQPPQGQNGSMLPNQPSGYRVAGYETQ
O00401	[(277, 392)]	['GO:0005857', 'GO:0005885', 'GO:0030479', 'GO:0032991']	MSSVQQQPPPPRRVTNVGSLLLTPQENESLFTFLGKKCVTMSSAVVQLYAADRNCMWSKKCSGVACLVKDNPQRSYFLRIFDIKDGKLLWEQELYNNFVYNSPRGYFHTFAGDTCQVALNFANEEEAKKFRKAVTDLLGRRQRKSEKRRDPPNGPNLPMATVDIKNPEITTNRFYGPQVNNISHTKEKKKGKAKKKRLTKADIGTPSNFQHIGHVGWDPNTGFDLNNLDPELKNLFDMCGISEAQLKDRETSKVIYDFIEKTGGVEAVKNELRRQAPPPPPPSRGGPPPPPPPPHNSGPPPPPARGRGAPPPPPSRAPTAAPPPPPPSRPSVAVPPPPPNRMYPPPPPALPSSAPSGPPPPPPSVLGVGPVAPPPPPPPPPPPGPPPPPGLPSDGDHQVPTTAGNKAALLDQIREGAQLKKVEQNSRPVSCSGRDALLDQIRQGIQLKSVADGQESTPPTPAPTSGIVGALMEVMQKRSKAIHSSDEDEDEDDEEDFEDDDEWED
P16333	[(1, 377)]	['GO:0005857', 'GO:0005885', 'GO:0030479', 'GO:0032991']	MAEEVVVVAKFDYVAQQEQELDIKKNERLWLLDDSKSWWRVRNSMNKTGFVPSNYVERKNSARKASIVKNLKDTLGIGKVKRKPSVPDSASPADDSFVDPGERLYDLNMPAYVKFNYMAEREDELSLIKGTKVIVMEKCSDGWWRGSYNGQVGWFPSNYVTEEGDSPLGDHVGSLSEKLAAVVNNLNTGQVLHVVQALYPFSSSNDEELNFEKGDVMDVIEKPENDPEWWKCRKINGMVGLVPKNYVTVMQNNPLTSGLEPSPPQCDYIRPSLTGKFAGNPWYYGKVTRHQAEMALNERGHEGDFLIRDSESSPNDFSVSLKAQGKNKHFKVQLKETVYCIGQRKFSTMEELVEHYKKAPIFTSEQGEKLYLVKHLS
Q9NQI0	[(1, 236)]	['GO:0018994', 'GO:0071546', 'GO:0043186']	MGDEDWEAEINPHMSSYVPIFEKDRYSGENGDNFNRTPASSSEMDDGPSRRDHFMKSGFASGRNFGNRDAGECNKRDNTSTMGGFGVGKSFGNRGFSNSRFEDGDSSGFWRESSNDCEDNPTRNRGFSKRGGYRDGNNSEASGPYRRGGRGSFRGCRGGFGLGSPNNDLDPDECMQRTGGLFGSRRPVLSGTGNGDTSQSRSGSGSERGGYKGLNEEVITGSGKNSWKSEAEGGESSDTQGPKVTYIPPPPPEDEDSIFAHYQTGINFDKYDTILVEVSGHDAPPAILTFEEANLCQTLNNNIAKAGYTKLTPVQKYSIPIILAGRDLMACAQTGSGKTAAFLLPILAHMMHDGITASRFKELQEPECIIVAPTRELVNQIYLEARKFSFGTCVRAVVIYGGTQLGHSIRQIVQGCNILCATPGRLMDIIGKEKIGLKQIKYLVLDEADRMLDMGFGPEMKKLISCPGMPSKEQRQTLMFSATFPEEIQRLAAEFLKSNYLFVAVGQVGGACRDVQQTVLQVGQFSKREKLVEILRNIGDERTMVFVETKKKADFIATFLCQEKISTTSIHGDREQREREQALGDFRFGKCPVLVATSVAARGLDIENVQHVINFDLPSTIDEYVHRIGRTGRCGNTGRAISFFDLESDNHLAQPLVKVLTDAQQDVPAWLEEIAFSTYIPGFSGSTRGNVFASVDTRKGKSTLNTAGFSSSQAPNPVDDESWD
O00571	[(1, 168)]	['GO:0010494']	MSHVAVENALGLDQQFAGLDLNSSDNQSGGSTASKGRYIPPHLRNREATKGFYDKDSSGWSSSKDKDAYSSFGSRSDSRGKSSFFSDRGSGSRGRFDDRGRSDYDGIGSRGDRSGFGKFERGGNSRWCDKSDEDDWSKPLPPSERLEQELFSGGNTGINFEKYDDIPVEATGNNCPPHIESFSDVEMGEIIMGNIELTRYTRPTPVQKHAIPIIKEKRDLMACAQTGSGKTAAFLLPILSQIYSDGPGEALRAMKENGRYGRRKQYPISLVLAPTRELAVQIYEEARKFSYRSRVRPCVVYGGADIGQQIRDLERGCHLLVATPGRLVDMMERGKIGLDFCKYLVLDEADRMLDMGFEPQIRRIVEQDTMPPKGVRHTMMFSATFPKEIQMLARDFLDEYIFLAVGRVGSTSENITQKVVWVEESDKRSFLLDLLNATGKDSLTLVFVETKKGADSLEDFLYHEGYACTSIHGDRSQRDREEALHQFRSGKSPILVATAVAARGLDISNVKHVINFDLPSDIEEYVHRIGRTGRVGNLGLATSFFNERNINITKDLLDLLVEAKQEVPSWLENMAYEHHYKGSSRGRSKSSRFSGGFGARDYRQSSGASSSSFSSSRASSSRSGGGGHGSSRGFGGGGYGGFYNSDGYGGNYNSQGVDWWGN
P14907	[(2, 601)]	['GO:0044613']	MNFNTPQQNKTPFSFGTANNNSNTTNQNSSTGAGAFGTGQSTFGFNNSAPNNTNNANSSITPAFGSNNTGNTAFGNSNPTSNVFGSNNSTTNTFGSNSAGTSLFGSSSAQQTKSNGTAGGNTFGSSSLFNNSTNSNTTKPAFGGLNFGGGNNTTPSSTGNANTSNNLFGATANANKPAFSFGATTNDDKKTEPDKPAFSFNSSVGNKTDAQAPTTGFSFGSQLGGNKTVNEAAKPSLSFGSGSAGANPAGASQPEPTTNEPAKPALSFGTATSDNKTTNTTPSFSFGAKSDENKAGATSKPAFSFGAKPEEKKDDNSSKPAFSFGAKSNEDKQDGTAKPAFSFGAKPAEKNNNETSKPAFSFGAKSDEKKDGDASKPAFSFGAKPDENKASATSKPAFSFGAKPEEKKDDNSSKPAFSFGAKSNEDKQDGTAKPAFSFGAKPAEKNNNETSKPAFSFGAKSDEKKDGDASKPAFSFGAKSDEKKDSDSSKPAFSFGTKSNEKKDSGSSKPAFSFGAKPDEKKNDEVSKPAFSFGAKANEKKESDESKSAFSFGSKPTGKEEGDGAKAAISFGAKPEEQKSSDTSKPAFTFGAQKDNEKKTEESSTGKSTADVKSSDSLKLNSKPVELKPVSLDNKTLDDLVTKWTNQLTESASHFEQYTKKINSWDQVLVKGGEQISQLYSDAVMAEHSQNKIDQSLQYIERQQDELENFLDNFETKTEALLSDVVSTSSGAAANNNDQKRQQAYKTAQTLDENLNSLSSNLSSLIVEINNVSNTFNKTTNIDINNEDENIQLIKILNSHFDALRSLDDNSTSLEKQINSIKK
P15502	[(27, 786)]	['GO:0005578', 'GO:0031012']	MAGLTAAAPRPGVLLLLLSILHPSRPGGVPGAIPGGVPGGVFYPGAGLGALGGGALGPGGKPLKPVPGGLAGAGLGAGLGAFPAVTFPGALVPGGVADAAAAYKAAKAGAGLGGVPGVGGLGVSAGAVVPQPGAGVKPGKVPGVGLPGVYPGGVLPGARFPGVGVLPGVPTGAGVKPKAPGVGGAFAGIPGVGPFGGPQPGVPLGYPIKAPKLPGGYGLPYTTGKLPYGYGPGGVAGAAGKAGYPTGTGVGPQAAAAAAAKAAAKFGAGAAGVLPGVGGAGVPGVPGAIPGIGGIAGVGTPAAAAAAAAAAKAAKYGAAAGLVPGGPGFGPGVVGVPGAGVPGVGVPGAGIPVVPGAGIPGAAVPGVVSPEAAAKAAAKAAKYGARPGVGVGGIPTYGVGAGGFPGFGVGVGGIPGVAGVPGVGGVPGVGGVPGVGISPEAQAAAAAKAAKYGAAGAGVLGGLVPGPQAAVPGVPGTGGVPGVGTPAAAAAKAAAKAAQFGLVPGVGVAPGVGVAPGVGVAPGVGLAPGVGVAPGVGVAPGVGVAPGIGPGGVAAAAKSAAKVAAKAQLRAAAGLGAGIPGLGVGVGVPGLGVGAGVPGLGVGAGVPGFGAGADEGVRRSLSPELREGDPSSSQHLPSTPSSPRVPGALAAAKAAKYGAAVPGVLGGLGALGGVGIPGGVVGAGPAAAAAAAKAAAKAAQFGLVGAAGLGGLGVGGLGVPGVGGLGGIPPAAAAKAAKYGAAGLGGVLGGAGQFPLGGVAARPGFGLSPIFPGGACLGKACGRKRK
G5EBV6	[(160, 320), (633, 693)]	['GO:0018994', 'GO:0043186']	MEANKRQIVEVDGIKSYFFPHLAHYLASNDELLVNNIAQANKLAAFVLGATDKRPSNEEIAEMILPNDSSAYVLAAGMDVCLILGDDFRPKFDSGAEKLSQLGQAHDLAPIIDDEKKISMLARKTKLKKSNDAKILQVLLKVLGAEEAEEKFVELSELSSALDLDFDVYVLAKLLGFASEELQEEIEIIRDNVTDAFEACKPLLKKLMIEGPKIDSVDPFTQLLLTPQEESIEKAVSHIVARFEEASAVEDDESLVLKSQLGYQLIFLVVRSLADGKRDASRTIQSLMPSSVRAEVFPGLQRSVFKSAVFLASHIIQVFLGSMKSFEDWAFVGLAEDLESTWRRRAIAELLKKFRISVLEQCFSQPIPLLPQSELNNETVIENVNNALQFALWITEFYGSESEKKSLNQLQFLSPKSKNLLVDSFKKFAQGLDSKDHVNRIIESLEKSSSSEPSATAKQTTTSNGPTTVSTAAQVVTVEKMPFSRQTIPCEGTDLANVLNSAKIIGESVTVAAHDVIPEKLNAEKNDNTPSTASPVQFSSDGWDSPTKSVALPPKISTLEEEQEEDTTITKVSPQPQERTGTAWGSGDATPVPLATPVNEYKVSGFGAAPVASGFGQFASSNGTSGRGSYGGGRGGDRGGRGAYGGDRGRGGSGDGSRGYRGGDRGGRGSYGEGSRGYQGGRAGFFGGSRGGS
P32588	[(1, 453)]	['GO:0010494']	MSENNEEQHQQQQQQQPVAVETPSAVEAPASADPSSEQSVAVEGNSEQAEDNQGENDPSVVPANAITGGRETSDRVLYVGNLDKAITEDILKQYFQVGGPIANIKIMIDKNNKNVNYAFVEYHQSHDANIALQTLNGKQIENNIVKINWAFQSQQSSSDDTFNLFVGDLNVNVDDETLRNAFKDFPSYLSGHVMWDMQTGSSRGYGFVSFTSQDDAQNAMDSMQGQDLNGRPLRINWAAKRDNNNNNNYQQRRNYGNNNRGGFRQYNSNNNNNMNMGMNMNMNMNMNNSRGMPPSSMGMPIGAMPLPSQGQPQQSQTIGLPPQVNPQAVDHIIRSAPPRVTTAYIGNIPHFATEADLIPLFQNFGFILDFKHYPEKGCCFIKYDTHEQAAVCIVALANFPFQGRNLRTGWGKERSNFMPQQQQQGGQPLIMNDQQQPVMSEQQQQQQQQQQQQ
Q96PK6	[(350, 669)]	['GO:0042382']	MKIFVGNVDGADTTPEELAALFAPYGTVMSCAVMKQFAFVHMRENAGALRAIEALHGHELRPGRALVVEMSRPRPLNTWKIFVGNVSAACTSQELRSLFERRGRVIECDVVKDYAFVHMEKEADAKAAIAQLNGKEVKGKRINVELSTKGQKKGPGLAVQSGDKTKKPGAGDTAFPGTGGFSATFDYQQAFGNSTGGFDGQARQPTPPFFGRDRSPLRRSPPRASYVAPLTAQPATYRAQPSVSLGAAYRAQPSASLGVGYRTQPMTAQAASYRAQPSVSLGAPYRGQLASPSSQSAAASSLGPYGGAQPSASALSSYGGQAAAASSLNSYGAQGSSLASYGNQPSSYGAQAASSYGVRAAASSYNTQGAASSLGSYGAQAASYGAQSAASSLAYGAQAASYNAQPSASYNAQSAPYAAQQAASYSSQPAAYVAQPATAAAYASQPAAYAAQATTPMAGSYGAQPVVQTQLNSYGAQASMGLSGSYGAQSAAAATGSYGAAAAYGAQPSATLAAPYRTQSSASLAASYAAQQHPQAAASYRGQPGNAYDGAGQPSAAYLSMSQGAVANANSTPPPYERTRLSPPRASYDDPYKKAVAMSKRYGSDRRLAELSDYRRLSESQLSFRRSPTKSSLDYRRLPDAHSDYARYSGSYNDYLRAAQMHSGYQRRM
P45973	[(1, 177)]	['GO:0000792', 'GO:0035328', 'GO:0005720']	MGKKTKRTADSSSSEDEEEYVVEKVLDRRVVKGQVEYLLKWKGFSEEHNTWEPEKNLDCPELISEFMKKYKKMKEGENNKPREKSESNKRKSNFSNSADDIKSKKKREQSNDIARGFERGLEPEKIIGATDSCGDLMFLMKWKDTDEADLVLAKEANVKCPQIVIAFYEERLTWHAYPEDAENKEKETAKS
P05205	[(1, 206)]	['GO:0000792', 'GO:0035328', 'GO:0005720']	MGKKIDNPESSAKVSDAEEEEEEYAVEKIIDRRVRKGKVEYYLKWKGYPETENTWEPENNLDCQDLIQQYEASRKDEEKSAASKKDRPSSSAKAKETQGRASSSTSTASKRKSEEPTAPSGNKSKRTTDAEQDTIPVSGSTGFDRGLEAEKILGASDNNGRLTFLIQFKGVDQAEMVPSSVANEKIPRMVIHFYEERLSWYSDNED
P04147	[(38, 400), (419, 502)]	['GO:0010494']	MADITDKTAEQLENLNIQDDQKQAATGSESQSVENSSASLYVGDLEPSVSEAHLYDIFSPIGSVSSIRVCRDAITKTSLGYAYVNFNDHEAGRKAIEQLNYTPIKGRLCRIMWSQRDPSLRKKGSGNIFIKNLHPDIDNKALYDTFSVFGDILSSKIATDENGKSKGFGFVHFEEEGAAKEAIDALNGMLLNGQEIYVAPHLSRKERDSQLEETKAHYTNLYVKNINSETTDEQFQELFAKFGPIVSASLEKDADGKLKGFGFVNYEKHEDAVKAVEALNDSELNGEKLYVGRAQKKNERMHVLKKQYEAYRLEKMAKYQGVNLFVKNLDDSVDDEKLEEEFAPYGTITSAKVMRTENGKSKGFGFVCFSTPEEATKAITEKNQQIVAGKPLYVAIAQRKDVRRSQLAQQIQARNQMRYQQATAAAAAAAAGMPGQFMPPMFYGVMPPRGVPFNGPNPQQMNPMGGMPKNGMPPQFRNGPVYGVPPQGGFPRNANDNNQFYQQKQRQALGEQLYKKVSAKTSNEEAAGKITGMILDLPPQEVFPLLESDELFEQHYKEASAAYESFKKEQEQQTEQA
Q22053	[(1, 352)]	['GO:0001651', 'GO:0016604', 'GO:0005730', 'GO:1990251', 'GO:0033620']	MGRPEFNRGGGGGGFRGGRGGDRGGSRGGFGGGGRGGYGGGDRGSFGGGDRGGFRGGRGGGDRGGFRGGRGGGDRGGFGGRGSPRGGFGGRGSPRGGRGSPRGGRGGAGGMRGGKTVVVEPHRLGGVFIVKGKEDALATKNMVVGESVYGEKRVSVDDGAGSIEYRVWNPFRSKLAASIMGGLENTHIKPGTKLLYLGAASGTTVSHCSDVVGPEGIVYAVEFSHRSGRDLLGVAKKRPNVVPIVEDARHPHKYRMLVGMVDVIFSDVAQPDQARIVALNAQNFLRNGGHAVISIKANCIDSTAEPEAVFAGEVNKLKEEKFKPLEQVTLEPYERDHAVVVAVYRPVKGKKV
P06748	[(1, 294)]	['GO:0005730', 'GO:0001652']	MEDSMDMDMSPLRPQNYLFGCELKADKDYHFKVDNDENEHQLSLRTVSLGAGAKDELHIVEAEAMNYEGSPIKVTLATLKMSVQPTVSLGGFEITPPVVLRLKCGSGPVHISGQHLVAVEEDAESEDEEEEDVKLLSISGKRSAPGGGSKVPQKKVKLAADEDDDDDDEEDDDEDDDDDDFDDEEAEEKAPVKKSIRDTPAKNAQKSNQNGKDSKPSSTPRSKGQESFKKQEKTPKTPKGPSSVEDIKAKMQASIEKGGSLPKVEAKFINYVKNCFRMTDQEAIQDLWQWRKSL
Q9UHD9	[(450, 624)]	['GO:0010494']	MAENGESSGPPRPSRGPAAAQGSAAAPAEPKIIKVTVKTPKEKEEFAVPENSSVQQFKEAISKRFKSQTDQLVLIFAGKILKDQDTLIQHGIHDGLTVHLVIKSQNRPQGQSTQPSNAAGTNTTSASTPRSNSTPISTNSNPFGLGSLGGLAGLSSLGLSSTNFSELQSQMQQQLMASPEMMIQIMENPFVQSMLSNPDLMRQLIMANPQMQQLIQRNPEISHLLNNPDIMRQTLEIARNPAMMQEMMRNQDLALSNLESIPGGYNALRRMYTDIQEPMLNAAQEQFGGNPFASVGSSSSSGEGTQPSRTENRDPLPNPWAPPPATQSSATTSTTTSTGSGSGNSSSNATGNTVAAANYVASIFSTPGMQSLLQQITENPQLIQNMLSAPYMRSMMQSLSQNPDLAAQMMLNSPLFTANPQLQEQMRPQLPAFLQQMQNPDTLSAMSNPRAMQALMQIQQGLQTLATEAPGLIPSFTPGVGVGVLGTAIGPVGPVTPIGPIGPIVPFTPIGPIGPIGPTGPAAPPGSTGSGGPTGPTVSSAAPSETTSPTSESGPNQQFIQQMVQALAGANAPQLPNPEVRFQQQLEQLNAMGFLNREANLQALIATGGDINAAIERLLGSQPS
D8V196	[(1, 409)]	['GO:0043232']	MGDYGFGVLVQNNTGNKSAFPVRFHPHLQPPHHHQNTTPSPAAFINNTAANGSNAGSAWLFPAPAAHNIQDEILGSEKSKSQQQQQQEQQESLEKQQLSPSQSQEAGILPDPEKVKSEENQGDSSSENGKDKIRIESPVLTGFDYQEASGLGSSNQTLTSSASPLTGFSNWSAAIAPSSSTMINEDASFFHQGGVPAASANNGALLFQNFPHHVSPGFGGSFSPQIGPLSQHHPHHPHFQHHHNQHQQQRRSPASPHPPPFTHRNAAFNQLPHLANNLNKPPSPWSSYQSPSPTPSSSWSPGGSGYGGWGGSQGRDHRRGLNGGITPLNSISPLKKNFGNNHIQLQKYGRPNSAFAPKSWMDDSLNRADNIFPFADRTRAFDMHSLESSLIDIMRAENDSLKGQSSLFPMEDGFLDDGRSDQPLHSGLGSPHCFPHQNGERVERYSRKVFVGGLPPDIDEDEITASFRRFGPLIVDWPHKAESKSYFPPKGYAFLLFQDESSVQALIDACIEEDGKLYLCVSSPTIKDKPVQIRPWNLSDSDFVMDGSQPLDPRKTIFVGGVPRPLRAVELAMIMDRLYGGVCYAGIDTDPELKYPKGAGRVAFSNQQSYIAAISARFVQLQHGEIDKRVEVKPYVLDDQLCDECQGARCSGKFAPFFCANVTCLQYYCEYCWAAIHSRAGREFHKPLVKEGGDRPRHISFRWN
Q16082	[(147, 182)]	['GO:0043232']	MSGRSVPHAHPATAEYEFANPSRLGEQRFGEGLLPEEILTPTLYHGYYVRPRAAPAGEGSRAGASELRLSEGKFQAFLDVSHFTPDEVTVRTVDNLLEVSARHPQRLDRHGFVSREFCRTYVLPADVDPWRVRAALSHDGILNLEAPRGGRHLDTEVNEVYISLLPAPPDPEEEEEAAIVEP
P10636-8	[(244, 368)]	['GO:0005856', 'GO:0005881']	MAEPRQEFEVMEDHAGTYGLGDRKDQGGYTMHQDQEGDTDAGLKESPLQTPTEDGSEEPGSETSDAKSTPTAEDVTAPLVDEGAPGKQAAAQPHTEIPEGTTAEEAGIGDTPSLEDEAAGHVTQARMVSKSKDGTGSDDKKAKGADGKTKIATPRGAAPPGQKGQANATRIPAKTPPAPKTPPSSGEPPKSGDRSGYSSPGSPGTPGSRSRTPSLPTPPTREPKKVAVVRTPPKSPSSAKSRLQTAPVPMPDLKNVKSKIGSTENLKHQPGGGKVQIINKKLDLSNVQSKCGSKDNIKHVPGGGSVQIVYKPVDLSKVTSKCGSLGNIHHKPGGGQVEVKSEKLDFKDRVQSKIGSLDNITHVPGGGNKKIETHKLTFRENAKAKTDHGAEIVYKSPVVSGDTSPRHLSNVSSTGSIDMVDSPQLATLADEVSASLAKQGL
P17931	[(20, 100)]	['GO:0140366', 'GO:1990724']	MADNFSLHDALSGSGNPNPQGWPGAWGNQPAGAGGYPGASYPGAYPGQAPPGAYPGQAPPGAYPGAPGAYPGAPAPGVYPGPPSGPGAYPSSGQPSATGAYPATGPYGAPAGPLIVPYNLPLPGGVVPRMLITILGTVKPNANRIALDFQRGNDVAFHFNPRFNENNRRVIVCNTKLDNNWGREERQSVFPFESGKPFKIQVLVEPDHFKVAVNDAHLLQYNHRVKKLNEISKLGISGDIDLTSASYTMI
Q13501	[(3, 102), (389, 440)]	['GO:0016234']	MASLTVKAYLLGKEDAAREIRRFSFCCSPEPEAEAEAAAGPGPCERLLSRVAALFPALRPGGFQAHYRDEDGDLVAFSSDEELTMAMSYVKDDIFRIYIKEKKECRRDHRPPCAQEAPRNMVHPNVICDGCNGPVVGTRYKCSVCPDYDLCSVCEGKGLHRGHTKLAFPSPFGHLSEGFSHSRWLRKVKHGHFGWPGWEMGPPGNWSPRPPRAGEARPGPTAESASGPSEDPSVNFLKNVGESVAAALSPLGIEVDIDVEHGGKRSRLTPVSPESSSTEEKSSSQPSSCCSDPSKPGGNVEGATQSLAEQMRKIALESEGRPEEQMESDNCSGGDDDWTHLSSKEVDPSTGELQSLQMPESEGPSSLDPSQEGPTGLKEAALYPHLPPEADPRLIESLSQMLSMGFSDEGGWLTRLLQTKNYDIGAALDTIQYSKHPPPL
O43561	[(28, 262)]	['GO:0036398']	MEEAILVPCVLGLLLLPILAMLMALCVHCHRLPGSYDSTSSDSLYPRGIQFKRPHTVAPWPPAYPPVTSYPPLSQPDLLPIPRSPQPLGGSHRTPSSRRDSDGANSVASYENEGASGIRGAQAGWGVWGPSWTRLTPVSLPPEPACEDADEDEDDYHNPGYLVVLPDSTPATSTAAPSAPALSTPGIRDSAFSMESIDDYVNVPESGESAEASLDGSREYVNVSQELHPGAAKTEPAALSSQEAEEVEEEGAPDYENLQELN
P62993	[(1, 217)]	['GO:0036398']	MEAIAKYDFKATADDELSFKRGDILKVLNEECDQNWYKAELNGKDGFIPKNYIEMKPHPWFFGKIPRAKAEEMLSKQRHDGAFLIRESESAPGDFSLSVKFGNDVQHFKVLRDGAGKYFLWVVKFNSLNELVDYHRSTSVSRNQQIFLRDIEQVPQQPTYVQALFDFDPQEDGELGFRRGDFIHVMDNSDPNWWKGACHGQTGMFPRNYVTPVNRNV
Q15233	[(218, 272)]	['GO:0042382']	MQSNKTFNLEKQNHTPRKHHQHHHQQQHHQQQQQQPPPPPIPANGQQASSQNEGLTIDLKNFRKPGEKTFTQRSRLFVGNLPPDITEEEMRKLFEKYGKAGEVFIHKDKGFGFIRLETRTLAEIAKVELDNMPLRGKQLRVRFACHSASLTVRNLPQYVSNELLEEAFSVFGQVERAVVIVDDRGRPSGKGIVEFSGKPAARKALDRCSEGSFLLTTFPRPVTVEPMDQLDDEEGLPEKLVIKNQQFHKEREQPPRFAQPGSFEYEYAMRWKALIEMEKQQQDQVDRNIKEAREKLEMEMEAARHEHQVMLMRQDLMRRQEELRRMEELHNQEVQKRKQLELRQEEERRRREEEMRRQQEEMMRRQQEGFKGTFPDAREQEIRMGQMAMGGAMGINNRGAMPPAPVPAGTPAPPGPATMMPDGTLGLTPPTTERFGQAATMEGIGAIGGTPPAFNRAAPGAEFAPNKRRRY
P23246	[(1, 707)]	['GO:0042382']	MSRDRFRSRGGGGGGFHRRGGGGGRGGLHDFRSPPPGMGLNQNRGPMGPGPGQSGPKPPIPPPPPHQQQQQPPPQQPPPQQPPPHQPPPHPQPHQQQQPPPPPQDSSKPVVAQGPGPAPGVGSAPPASSSAPPATPPTSGAPPGSGPGPTPTPPPAVTSAPPGAPPPTPPSSGVPTTPPQAGGPPPPPAAVPGPGPGPKQGPGPGGPKGGKMPGGPKPGGGPGLSTPGGHPKPPHRGGGEPRGGRQHHPPYHQQHHQGPPPGGPGGRSEEKISDSEGFKANLSLLRRPGEKTYTQRCRLFVGNLPADITEDEFKRLFAKYGEPGEVFINKGKGFGFIKLESRALAEIAKAELDDTPMRGRQLRVRFATHAAALSVRNLSPYVSNELLEEAFSQFGPIERAVVIVDDRGRSTGKGIVEFASKPAARKAFERCSEGVFLLTTTPRPVIVEPLEQLDDEDGLPEKLAQKNPMYQKERETPPRFAQHGTFEYEYSQRWKSLDEMEKQQREQVEKNMKDAKDKLESEMEDAYHEHQANLLRQDLMRRQEELRRMEELHNQEMQKRKEMQLRQEEERRRREEEMMIRQREMEEQMRRQREESYSRMGYMDPRERDMRMGGGGAMNMGDPYGSGGQKFPPLGGGGGIGYEANPGVPPATMSGSMMGSDMRTERFGQGGAGPVGGQGPRGMGPGTPAGYGRGREEYEGPNKKPRF
Q9W1V3	[(1, 344)]	['GO:0001651', 'GO:0016604', 'GO:0005730', 'GO:1990251', 'GO:0033620']	MGKPGFSPRGGGGGGGGGGGGFRGRGGGGGGGGGGFGGGRGRGGGGDRGGRGGFGGGRGGGGRGGGGGGGRGAFGGRGGGGGRGGGGRGGGGRGGGGRGGGAGGFKGGKTVTIEPHRHEGVFIARGKEDALVTRNFVPGSEVYGEKRISVETNGEKIEYRVWNPFRSKLAAAVLGGVEQIHMPPGSKVLYLGAASGTTVSHVSDVVGPEGLVYAVEFSHRSGRDLINVAKKRTNIIPIIEDARHPHKYRMLVGMVDTIFADVAQPDQGRIVALNAQHFLKNGGHFVISIKASCIDSTAQPEAVFAAEVKKMQADKLKPQEQLTLEPYERDHAVVVGVYRPPPKQ
Q7KTV5	[(1, 686)]	['GO:0005730']	MTDLLKIADAIVLEYLQSKDKNLAKVFQQKTKAASVAKSSPKLSEILQFYQTKSPKKIPAIKATAGDSSEDSDSDSESDAAPKKPATAPALTNGKAVKKAASSTSEDSDSEEEKKPAAKATPAKAVGKKAKSSSEDSSSEEEAPKKAAPVKAPPAKAAPAKKVESSSEDSSSEEEPAKPAVKATTTKVAPAKKADSSSEESSSDEETKPAAKPVAKAAPAKKAASSSEESDSDDEPAAKKPAVQPAAKPAPKAAASSSEDSSSEEEVKPAAKSAAKLAPAKKGASSSDDSSSEDEAPKKAATLAKPISKAAPTKKADSSTEDSSSEDDAPKKVAPAKATPAKAIPAKKAASSDDSSSEEEAPKKAAPANATPARAPPAKKAASSDDSSSEEEAPKKAAPAKATPAKATPAKKAASSDDSSSEEEAPKKAAAPAKATPAKKAKSSSEDSDSDEEEAPKKPAAKAVAKAASSEDSDSSEDEKPAKAAPKALAKSAKAASSDSDDSSDEETPAVKPAVKKTAAPAKKADSSSDESDSGEESGEVKPNSATNGNEKTAQKRKFSGGDQDEATPNKKYNNFVKSGEQQKNDFTSTPNNTFSRNHNMNNSGGGSGRRSPFRRVRTEDVVVDSRVQDMSFEAKKNAAGSWGERANKDLKHTRGKSFKHEKTKKKRGSYRGGQIDVGVNSIKFD
Q9VD51	[(1, 680)]	['GO:0005730']	MSIREKLLMKKIVKREKMKKELSQKKGNKNAQKQEPPKQNGNKPSKKPEKLSKKHVAKDEDDDLEEDFQEAPLPKKKQQKQPPKKQQIQVANSDSESDDDEQEDEADEDSDLDEVAEVDEEDVDSGSEDDDQQEDEDEEEPVPAKKTKLLPNKSKAQNGKPAKDDEPFTVESSLAALDYRDSDDRSFASLKGAVSEATLRAIKEMGFTEMTEIQSKSLTPLLKGRDLVGAAQTGSGKTLAFLIPAVELINKLRFMPRNGTGVIIISPTRELSMQTFGVLKELMAHHHHTYGLVMGGSNRQVESEKLGKGINILVATPGRLLDHLQNSPDFLYKNLQCLIIDEVDRILEIGFEEELKQIINLLPKRRQTMLFSATQTARIEALSKLALKSEPIYVGVHDNQDTATVDGLEQGYIVCPSEKRLLVLFTFLKKNRKKKVMVFFSSCMSVKYHHELFNYIDLPVTSIHGKQKQTKRTTTFFQFCNAESGILLCTDVAARGLDIPQVDWIVQYDPPDDPREYIHRVGRTARGSGTSGHALLLMRPEELGFLRYLKAAKVPLNEFEFSWQKIADIQLQLEKLIAKNYFLNQSAKEAFKSYVRAYDSHQLKQIFNVNTLDLQAVAKSFGFLVPPVVDLKVGAAKRERPEKRVGGGGFGFYKKMNEGSASKQRHFKQVNRDQAKKFMR
P53297	[(571, 722)]	['GO:0010494']	MKGNFRKRDSSTNSRKGGNSDSNYTNGGVPNQNNSSMFYENPEITRNFDDRQDYLLANSIGSDVTVTVTSGVKYTGLLVSCNLESTNGIDVVLRFPRVADSGVSDSVDDLAKTLGETLLIHGEDVAELELKNIDLSLDEKWENSKAQETTPARTNIEKERVNGESNEVTKFRTDVDISGSGREIKERKLEKWTPEEGAEHFDINKGKALEDDSASWDQFAVNEKKFGVKSTFDEHLYTTKINKDDPNYSKRLQEAERIAKEIESQGTSGNIHIAEDRGIIIDDSGLDEEDLYSGVDRRGDELLAALKSNSKPNSNKGNRYVPPTLRQQPHHMDPAIISSSNSNKNENAVSTDTSTPAAAGAPEGKPPQKTSKNKKSLSSKEAQIEELKKFSEKFKVPYDIPKDMLEVLKRSSSTLKSNSSLPPKPISKTPSAKTVSPTTQISAGKSESRRSGSNISQGQSSTGHTTRSSTSLRRRNHGSFFGAKNPHTNDAKRVLFGKSFNMFIKSKEAHDEKKKGDDASENMEPFFIEKPYFTAPTWLNTIEESYKTFFPDEDTAIQEAQTRFQQRQLNSMGNAVPGMNPAMGMNMGGMMGFPMGGPSASPNPMMNGFAAGSMGMYMPFQPQPMFYHPSMPQMMPVMGSNGAEEGGGNISPHVPAGFMAAGPGAPMGAFGYPGGIPFQGMMGSGPSGMPANGSAMHSHGHSRNYHQTSHHGHHNSSTSGHK
O13828	[(1, 289), (553, 771)]	['GO:0000932']	MSFTNATFSQVLDDLSARFILNLPAEEQSSVERLCFQIEQAHWFYEDFIRAQNDQLPSLGLRVFSAKLFAHCPLLWKWSKVHEEAFDDFLRYKTRIPVRGAIMLDMSMQQCVLVKGWKASSGWGFPKGKIDKDESDVDCAIREVYEETGFDCSSRINPNEFIDMTIRGQNVRLYIIPGISLDTRFESRTRKEISKIEWHNLMDLPTFKKNKPQTMKNKFYMVIPFLAPLKKWIKKRNIANNTTKEKNISVDVDADASSQLLSLLKSSTAPSDLATPQPSTFPQPPVESHSSFDIKQKILHLLNEGNEPKSPIQLPPVSNLPLNPPIQSSNSRLSHDNNSFDPFAYLGLDPKNPSASFPRVVSQNNMLTNKPVLNNHFQQSMYSNLLKDQNSVQHLFAASDMPSPMELPSPSTVYHQVFYPPTSTSVSSYGLGKTPQPAYGSSSPYVNGHQTQQISSLPPFQSQTQFLARNSDNSGQSYNSEGDSNSKRLLSMLSQQDTTPSSSTLSKEANVQLANLFLTPNSLETKKFSDNSQGEEISDNLHGESCNNPNANSVHSAQLLQALLHPSATETKEETPKKTSDSLSLLTLLKSGLPTPANDLQNKSQNNERKASSQVKELEVKNYSKSTDLLKKTLRIPRNDEPLEAANQFDLLKVSPQQKSEVPPKRNELSQSKLKNRKKKENSETNKNHVDMSPGFVKILKRSPLADQKKEDTQESDFKGSDDHFLSYLQSVVSSNSNGLH
O94752	[(1, 86), (231, 551)]	['GO:0000932']	MSVADFYGSNVEVLLNNDSKARGVITNFDSSNSILQLRLANDSTKSIVTKDIKDLRILPKNEIMPKNGTKSPSTNSTKLKSAETYSSKNKWSMDCDEEFDFAANLEKFDKKQVFAEFREKDKKDPAKLLVSHNKSPNRNYHHKQNVLGPSVKDEFVDLPSAGSQINGIDAVLSSSSNGHVTPGSKKGSRETLKKKPFVDENIPAELHTTTGDILKPITPEQLSQGIALAIAKTSTDIVVENAAQLLSQFVFSVLGGHKRLSSRNHNSQPLVCILVGSHDHASAAVAAGRRLCAIGIKVVLRLLTPFNVDNRQLLMFQAAGGYIPTENFDQFLNKLTSPIELVVDVLTGFHPSIDKNSHALIQWANDLNVLILSVDIPSGYTVQKKNTAILPKWTLALGAVTTTLAQAALVKQAAGVSVFVGNLGTGSQTWAELGILESQVTGQYLAQISCTSTN
Q09737	[(1, 750), (880, 1076)]	['GO:0000932']	MSGDILVGEYLFKRLEQLGVKSILGVPGDFNLALLDLIEKVGDEKFRWVGNTNELNGAYAADGYARVNGLSAIVTTFGVGELSAINGVAGSYAEHVPVVHIVGMPSTKVQDTGALLHHTLGDGDFRTFMDMFKKVSAYSIMIDNGNDAAEKIDEALSICYKKARPVYIGIPSDAGYFKASSSNLGKRLKLEEDTNDPAVEQEVINHISEMVVNAKKPVILIDACAVRHRVVPEVHELIKLTHFPTYVTPMGKSAIDETSQFFDGVYVGSISDPEVKDRIESTDLLLSIGALKSDFNTGSFSYHLSQKNAVEFHSDHMRIRYALYPNVAMKYILRKLLKVLDASMCHSKAAPTIGYNIKPKHAEGYSSNEITHCWFWPKFSEFLKPRDVLITETGTANFGVLDCRFPKDVTAISQVLWGSIGYSVGAMFGAVLAVHDSKEPDRRTILVVGDGSLQLTITEISTCIRHNLKPIIFIINNDGYTIERLIHGLHASYNEINTKWGYQQIPKFFGAAENHFRTYCVKTPTDVEKLFSDKEFANADVIQVVELVMPMLDAPRVLVEQAKLTSKINKQ
Q9W4I7	[(1, 228)]	['GO:0043232']	MLETKSIAALAFTETPRKRKRETLYKNAAPPPNPQQQPPEKDAQDAAVASTESCFTNAAFSSTPKKLMVARRRLAKENSQPNPFPGLEVKSIADLAQKQQHQQHHQQQQQQQQKLPTNPFEVLRQPPKKKKREHACFENPGLNLELPEKQFNPYEVVRSATTPAKGFVNPALNLRGSDAPASLNPFEIHRPSEASEAACNPSGVANPALADRDSEEQLPTSLKIGLPFTPTLGCRIDFHGMSLTQLTPSKLLAEKLVFSPVPAPKRSLGAISEESSMDIGKELDRYQLELENSINEAKLRKNGVLVDRELPRNSLEVELPKNTKVSLVMETNTQELMMQEVVTVDTQVERRLVCTRRRTLTEISEASEVEEDTEKLLEQDREAEVILEQEKILEQEMVSERERHLTREKQLKQEKLLEREKHLEREKLQEKLHEQLREKLQERAKHLEKEKLEEEELLERQLEEEREKEPTDGDVAYASESESDDEPDDLDFKAPARFVRAYRPAALPSKAASKESLQSIGSSKSAKSAEVKPSIGMKGMIRKSIRRLMHPTSHTTPSEVKSEDKDEHGHGQGHGQHNILNSIRHSLRRRPQKAAELEEQMEPVLADVSIIDTSERTMKLRSSVAQTEYMTIEQLTNEKKHSLRNSIRRSTRDVLRHVFHKSHDAYATAK
P16554	[(65, 203)]	['GO:0043232']	MGNSSSHTHEPLERGFTRGKFGDVKNGKSASFRFSKKSPKKMDRLRRSFRDSFRRRKDRVPESSKPHQWQADEEAVRSATCSFSVKYLGCVEVFESRGMQVCEEALKVLRQSRRRPVRGLLHVSGDGLRVVDDETKGLIVDQTIEKVSFCAPDRNHERGFSYICRDGTTRRWMCHGFLACKDSGERLSHAVGCAFAVCLERKQRRDKECGVTMTFDTKNSTFTRTGSFRQQTLTERLAMATVGTNERSVDGPGSAMPGPPAATVKPFNPFAIERPHATPNMLERQSSFRLSTIGSQSPFKRQMSLRINDLPSNADRQRAFLTAAAGNPMQTPLRSVSPIAEVSPAKSAGADPLSAAAVAADSVSQLCQELSQGLSLLTQTDALLAAGEDLNFNNNRSINQNIIAAEKQVQHVHSYAPPTAQVTPRVASTTPTYQTLHSQSPSRSEQSIETSTELPNAEQWLGHVVRSTSPAAPKRPTYLANVGRAQTLASGTGAAVGGGGPDDPFDAEWVANVAAAKQLSPDLPIPSTARSPLARHSTNPFISPPKAPAQSFQVQL
P05453	[(5, 250)]	['GO:0043232']	MSDSNQGNNQQNYQQYSQNGNQQQGNNRYQGYQAYNAQAQPAGGYYQNYQGYSGYQQGGYQQYNPDAGYQQQYNPQGGYQQYNPQGGYQQQFNPQGGRGNYKNFNYNNNLQGYQAGFQPQSQGMSLNDFQKQQKQAAPKPKKTLKLVSSSGIKLANATKKVGTKPAESDKKEEEKSAETKEPTKEPTKVEEPVKKEEKPVQTEEKTEEKSELPKVEDLKISESTHNTNNANVTSADALIKEQEEEVDDEVVNDMFGGKDHVSLIFMGHVDAGKSTMGGNLLYLTGSVDKRTIEKYEREAKDAGRQGWYLSWVMDTNKEERNDGKTIEVGKAYFETEKRRYTILDAPGHKMYVSEMIGGASQADVGVLVISARKGEYETGFERGGQTREHALLAKTQGVNKMVVVVNKMDDPTVNWSKERYDQCVSNVSNFLRAIGYNIKTDVVFMPVSGYSGANLKDHVDPKECPWYTGPTLLEYLDTMNHVDRHINAPFMLPIAAKMKDLGTIVEGKIESGHIKKGQSTLLMPNKTAVEIQNIYNETENEVDMAMCGEQVKLRIKGVEEEDISPGFVLTSPKNPIKSVTKFVAQIAIVELKSIIAAGFSCVMHVHTAIEEVHIVKLLHKLEKGTNRKSKKPPAFAKKGMKVIAVLETEAPVCVETYQDYPQLGRFTLRDQGTTIAIGKIVKIAE
P17600	[(421, 705)]	['GO:0099523']	MNYLRRRLSDSNFMANLPNGYMTDLQRPQPPPPPPGAHSPGATPGPGTATAERSSGVAPAASPAAPSPGSSGGGGFFSSLSNAVKQTTAAAAATFSEQVGGGSGGAGRGGAASRVLLVIDEPHTDWAKYFKGKKIHGEIDIKVEQAEFSDLNLVAHANGGFSVDMEVLRNGVKVVRSLKPDFVLIRQHAFSMARNGDYRSLVIGLQYAGIPSVNSLHSVYNFCDKPWVFAQMVRLHKKLGTEEFPLIDQTFYPNHKEMLSSTTYPVVVKMGHAHSGMGKVKVDNQHDFQDIASVVALTKTYATAEPFIDAKYDVRVQKIGQNYKAYMRTSVSGNWKTNTGSAMLEQIAMSDRYKLWVDTCSEIFGGLDICAVEALHGKDGRDHIIEVVGSSMPLIGDHQDEDKQLIVELVVNKMAQALPRQRQRDASPGRGSHGQTPSPGALPLGRQTSQQPAGPPAQQRPPPQGGPPQPGPGPQRQGPPLQQRPPPQGQQHLSGLGPPAGSPLPQRLPSPTSAPQQPASQAAPPTQGQGRQSRPVAGGPGAPPAARPPASPSPQRQAGPPQATRQTSVSGPAPPKASGAPPGGQQRQGPPQKPPGPAGPTRQASQAGPVPRTGPPTTQQPRPSGPGPAGRPKPQLAQKPSQDVPPPATAAAGGPPHPQLNKSQSLTNAFNLPEPAPPRPSLSQDEVKAETIRSLRKSFASLFSD
Q8N884	[(1, 146), (161, 522)]	['GO:0043232']	MQPWHGKAMQRASEAGATAPKASARNARGAPMDPTESPAAPEAALPKAGKFGPARKSGSRQKKSAPDTQERPPVRATGARAKKAPQRAQDTQPSDATSAPGAEGLEPPAAREPALSRAGSCRQRGARCSTKPRPPPGPWDVPSPGLPVSAPILVRRDAAPGASKLRAVLEKLKLSRDDISTAAGMVKGVVDHLLLRLKCDSAFRGVGLLNTGSYYEHVKISAPNEFDVMFKLEVPRIQLEEYSNTRAYYFVKFKRNPKENPLSQFLEGEILSASKMLSKFRKIIKEEINDIKDTDVIMKRKRGGSPAVTLLISEKISVDITLALESKSSWPASTQEGLRIQNWLSAKVRKQLRLKPFYLVPKHAKEGNGFQEETWRLSFSHIEKEILNNHGKSKTCCENKEEKCCRKDCLKLMKYLLEQLKERFKDKKHLDKFSSYHVKTAFFHVCTQNPQDSQWDRKDLGLCFDNCVTYFLQCLRTEKLENYFIPEFNLFSSNLIDKRSKEFLTKQIEYERNNEFPVFDEF
H0WFA5	[(621, 639)]	['GO:0045495', 'GO:0032019', 'GO:0060293']	MEGINNNSQPMGVGQPHHPVNHTRPFFYVQPPSQPYFMYQWPMNPYGHYGFPGPALHFGRPYMAPYQFMQYPGYVIPHAPMQPIDYRRINPHYPSVASYDLRVRHHFQNAGMHRETACSEVQTDPSDSVNKLIDKIESLKACELGSDKGPNNVVSSTPDVVQGEKLTRLNEDSNLEVATKECKEDPVTRPTTYSDSAYDAESSQGRLDECVFSDVLPLDSSSVHEEEEEEEKDVNEEDEPQTVADEICSQNEMSASTTSNVFCSGVQSIADPTECHDLEKLGDEQKQDIPSADAAAVIEPLISLSEDFDLPYQILRLPCNKTTTGLSLEREIDPLVYFDSPSTLLPPQNYLSSIGSAYSYSYYPQVTQERQSVLSPSIDELSSRDEMFSTDVEDLEVVPGHVYVGGGRLAEASDMPVRSRKELPSVDKTCSVCQKTCACCGSTLQDEVGMCKMAEHSHPERDEMSDQDCDYDLEAEVRSNCESPRVSKRKCCSRHALPSCGHHCAKHRHRKLLCEGQESCDLREQARVHPKGECCEEYGALAKADKRIQKGALCRPCIEQQWREGVVSDQENWASCGAKPRSWRQVTGPQDQGRTPLRRSTCKSIHQQRPRSEYNDYDETEFTYCQRGRGSMKKRGSRY
P0A9A6	[(1, 383)]	['GO:1990251', 'GO:0016604', 'GO:0033620']	MFEPMELTNDAVIKVIGVGGGGGNAVEHMVRERIEGVEFFAVNTDAQALRKTAVGQTIQIGSGITKGLGAGANPEVGRNAADEDRDALRAALEGADMVFIAAGMGGGTGTGAAPVVAEVAKDLGILTVAVVTKPFNFEGKKRMAFAEQGITELSKHVDSLITIPNDKLLKVLGRGISLLDAFGAANDVLKGAVQGIAELITRPGLMNVDFADVRTVMSEMGYAMMGSGVASGEDRAEEAAEMAISSPLLEDIDLSGARGVLVNITAGFDLRLDEFETVGNTIRAFASDNATVVIGTSLDPDMNDELRVTVVATGIGMDKRPEITLVTNKQVQQPVMDRYQQHGMAPLTQEQKPVAKVVNDNAPQTAKEPDYLDIPAFLRKQAD
P0C093	[(1, 198)]	['GO:1990251', 'GO:0016604', 'GO:0033620']	MAEKQTAKRNRREEILQSLALMLESSDGSQRITTAKLAASVGVSEAALYRHFPSKTRMFDSLIEFIEDSLITRINLILKDEKDTTARLRLIVLLLLGFGERNPGLTRILTGHALMFEQDRLQGRINQLFERIEAQLRQVLREKRMREGEGYTTDETLLASQILAFCEGMLSRFVRSEFKYRPTDDFDARWPLIAAQLQ
P22363	[(92, 297)]	['GO:0039714']	MSKIFVNPSAIRAGLADLEMAEETVDLINRNIEDNQAHLQGEPIEVDNLPEDMKRLHLDDEKSSNLGEMVRVGEGKYREDFQMDEGEDPNLLFQSYLDNVGVQIVRQMRSGERFLKIWSQTVEEIVSYVTVNFPNPPRRSSEDKSTQTTGRELKKETTSAFSQRESQPSKARMVAQVAPGPPALEWSATNEEDDLSVEAEIAHQIAESFSKKYKFPSRSSGIFLYNFEQLKMNLDDIVKEAKNVPGVTRLAHDGSKIPLRCVLGWVALANSKKFQLLVEADKLSKIMQDDLNRYTSC
Q8JXF6	[(1, 450)]	['GO:0039714']	MDADKIVFKVNNQVVSLKPEIIVDQYEYKYPAIKDLKKPCITLGKAPDLNKAYKSVLSGMNAAKLDPDDVCSYLAAAMQFFEGTCPEDWTSYGILIARKGDRITPNSLVEIKRTDVDGNWALTGGMELTRDPTVSEHASLVGLLLSLYRLSKISGQNTGNYKTNIADRIEQIFETAPFVKIVEHHTLMTTHKMCANWSTIPNFRFLAGTYDMFFSRIEHLYSAIRVGTVVTAYEDCSGLVSFTGFIKQINLTAREAILYFFHKNFEEEIRRMFEPGQETAVPHSYFIHFRSLGLSGKSPYSSNAVGHVFNLIHFVGCYMGQVRSLNATVIAACAPHEMSVLGGYLGEEFFGKGTFERRFFRDEKELQEYEAAELTKTDVALADDGTVNSDDEDYFSGETRSPEAVYTRIMMNGGRLKRSHIRRYVSVSSNHQARPNSFAEFLNKTYSNDS
Q07666	[(1, 197)]	['GO:0030529', 'GO:0016604', 'GO:1990903', 'GO:1990904', 'GO:1990251', 'GO:0033620']	MQRRDDPAARMSRSSGRSGSMDPSGAHPSVRQTPSRQPPLPHRSRGGGGGSRGGARASPATQPPPLLPPSATGPDATVGGPAPTPLLPPSATASVKMEPENKYLPELMAEKDSLDPSFTHAMQLLTAEIEKIQKGDSKKDDEENYLDLFSHKNMKLKERVLIPVKQYPKFNFVGKILGPQGNTIKRLQEETGAKISVLGKGSMRDKAKEEELRKGGDPKYAHLNMDLHVFIEVFGPPCEAYALMAHAMEEVKKFLVPDMMDDICQEQFLELSYLNGVPEPSRGRGVPVRGRGAAPPPPPVPRGRGVGPPRGALVRGTPVRGAITRGATVTRGVPPPPTVRGAPAPRARTAGIQRIPLPPPPAPETYEEYGYDDTYAEQSYEGYEGYYSQSQGDSEYYDYGHGEVQDSYEAYGQDDWNGTRPSLKAPPARPVKGAYREHPYGRY
Q14103	[(1, 355)]	['GO:0030529', 'GO:0016604', 'GO:1990903', 'GO:1990904', 'GO:1990251', 'GO:0033620']	MSEEQFGGDGAAAAATAAVGGSAGEQEGAMVAATQGAAAAAGSGAGTGGGTASGGTEGGSAESEGAKIDASKNEEDEGHSNSSPRHSEAATAQREEWKMFIGGLSWDTTKKDLKDYFSKFGEVVDCTLKLDPITGRSRGFGFVLFKESESVDKVMDQKEHKLNGKVIDPKRAKAMKTKEPVKKIFVGGLSPDTPEEKIREYFGGFGEVESIELPMDNKTNKRRGFCFITFKEEEPVKKIMEKKYHNVGLSKCEIKVAMSKEQYQQQQQWGSRGGFAGRARGRGGGPSQNWNQGYSNYWNQGYGNYGYNSQGYGGYGGYDYTGYNNYYGYGDYSNQQSGYGKVSRRGGHQNSYKPY
O43791	[(28, 359)]	['GO:1990251', 'GO:0043232', 'GO:0016604', 'GO:0033620']	MSRVPSPPPPAEMSSGPVAESWCYTQIKVVKFSYMWTINNFSFCREEMGEVIKSSTFSSGANDKLKWCLRVNPKGLDEESKDYLSLYLLLVSCPKSEVRAKFKFSILNAKGEETKAMESQRAYRFVQGKDWGFKKFIRRDFLLDEANGLLPDDKLTLFCEVSVVQDSVNISGQNTMNMVKVPECRLADELGGLWENSRFTDCCLCVAGQEFQAHKAILAARSPVFSAMFEHEMEESKKNRVEINDVEPEVFKEMMCFIYTGKAPNLDKMADDLLAAADKYALERLKVMCEDALCSNLSVENAAEILILADLHSADQLKTQAVDFINYHASDVLETSGWKSMVVSHPHLVAEAYRSLASAQCPFLGPPRKRLKQS
Q9UER7	[(495, 740)]	['GO:1990251', 'GO:0043232', 'GO:0016604', 'GO:0033620']	MATANSIIVLDDDDEDEAAAQPGPSHPLPNAASPGAEAPSSSEPHGARGSSSSGGKKCYKLENEKLFEEFLELCKMQTADHPEVVPFLYNRQQRAHSLFLASAEFCNILSRVLSRARSRPAKLYVYINELCTVLKAHSAKKKLNLAPAATTSNEPSGNNPPTHLSLDPTNAENTASQSPRTRGSRRQIQRLEQLLALYVAEIRRLQEKELDLSELDDPDSAYLQEARLKRKLIRLFGRLCELKDCSSLTGRVIEQRIPYRGTRYPEVNRRIERLINKPGPDTFPDYGDVLRAVEKAAARHSLGLPRQQLQLMAQDAFRDVGIRLQERRHLDLIYNFGCHLTDDYRPGVDPALSDPVLARRLRENRSLAMSRLDEVISKYAMLQDKSEEGERKKRRARLQGTSSHSADTPEASLDSGEGPSGMASQGCPSASRAETDDEDDEESDEEEEEEEEEEEEEATDSEEEEDLEQMQEGQEDDEEEDEEEEAAAGKDGDKSPMSSLQISNEKNLEPGKQISRSSGEQQNKGRIVSPSLLSEEPLAPSSIDAESNGEQPEELTLEEESPVSQLFELEIEALPLDTPSSVETDISSSRKQSEEPFTTVLENGAGMVSSTSFNGGVSPHNWGDSGPPCKKSRKEKKQTGSGPLGNSYVERQRSVHEKNGKKICTLPSPPSPLASLAPVADSSTRVDSPSHGLVTSSLCIPSPARLSQTPHSQPPRPGTCKTSVATQCDPEEIIVLSDSD
P25158-2	[(1, 468)]	['GO:0018994', 'GO:0043186']	MTIIESNYISVREEYPDIDSEVRAILLSHAQNGITISSIKSEYRKLTGNPFPLHDNVTDFLLTIPNVTAECSESGKRIFNLKASLKNGHLLDMVLNQKERTSDYSSGAPSLENIPRAPPRYWKNPFKRRALSQLNTSPRTVPKITDEKTKDIATRPVSLHQMANEAAESNWCYQDNWKHLNNFYQQASVNAPKMPVPINIYSPDAPEEPINLAPPGHQPSCRTQSQKTEPTENRHLGIFVHPFNGMNIMKRRHEMTPTPTILTSGTYNDSLLTINSDYDAYLLDFPLMGDDFMLYLARMELKCRFRRHERVLQSGLCVSGLTINGARNRLKRVQLPEGTQIIVNIGSVDIMRGKPLVQIEHDFRLLIKEMHNMRLVPILTNLAPLGNYCHDKVLCDKIYRFNKFIRSECCHLKVIDIHSCLINERGVVRFDCFQASPRQVTGSKEPYLFWNKIGRQRVLQVIETSLEY
P08287	[(115, 225)]	['GO:0005719', 'GO:0000791', 'GO:0035327']	MSETAPAPAAEAAPAAAPAPAKAAAKKPKKAAGGAKARKPAGPSVTELITKAVSASKERKGLSLAALKKALAAGGYDVEKNNSRIKLGLKSLVSKGTLVQTKGTGASGSFRLSKKPGEVKEKAPKKKASAAKPKKPAAKKPAAAAKKPKKAVAVKKSPKKAKKPAASATKKSAKSPKKVTKAVKPKKAVAAKSPAKAKAVKPKAAKPKAAKPKAAKAKKAAAKKK
Q9VNF8	[(1, 773)]	['GO:0043232']	MTTYEEFIQQNEDRDGVRLTWNVWPSSRIEASRLVVPLACLYQPLKERPDLPPIQYEPVLCTRSNCRAILNPLCQVDYRAKLWVCNFCFQRNPFPPQYAAISEQHQPAELIPGFSTIEYTITRAPTMPPVFIFLVDTCMDEEELDALKDSLQMSLSLLPTNALVGLITFGKMIQVHELGAEGCSKSYVFRGTKDLTAKQVQDMLGIGRGAAPGPQQQQHLPGQPAGAAAPVPPAHRFLQPIGQCDAALGDLLSELQRDPWPVPQGKRYLRSTGAALSIAVGLLECTYPNTGGRIMTFVGGPCSQGPGQVVDDELKHPIRSHHDIHKDNVRFMKKAIKHYDALALRAATNGHSVDIYSCALDQTGLLEMKQLCNSTGGHMVMGDSFNSSLFKQTFQRVFARDGRNDLKMAFNATLEVKCSRELKISGGIGSCVSLNVKSPSVSDVEIGMGNTVQWKLCTLNPSSTVAYFFEVVNQHAAPIPQGGRGCIQFITQYQHPSGQRRIRVTTLARNWADATSNVHHISAGFDQEAAAVLMARMVVYRAETDEGPDILRWVDRQLIRLCQKFGEYSKDDPNSFRLSQNFSLFPQFMYHLRRSQFLQVFNNSPDETTFYRHMLMREDLTQSLIMIQPILYSYSFNGPPEPVLLDTASIQADRILLMDTFFQILIYHGETIAQWRALKYQDMPEYENFKQLLQAPVDDAQEILQTRFPMPRYIDTEHGGSQARFLLSKVNPSQTHNNMYAYGQDGGAPVLTDDVSLQLFMEHLKKLAVSTTT
O60563	[(462, 654)]	['GO:0016607']	MEGERKNNNKRWYFTREQLENSPSRRFGVDPDKELSYRQQAANLLQDMGQRLNVSQLTINTAIVYMHRFYMIQSFTQFPGNSVAPAALFLAAKVEEQPKKLEHVIKVAHTCLHPQESLPDTRSEAYLQQVQDLVILESIILQTLGFELTIDHPHTHVVKCTQLVRASKDLAQTSYFMATNSLHLTTFSLQYTPPVVACVCIHLACKWSNWEIPVSTDGKHWWEYVDATVTLELLDELTHEFLQILEKTPNRLKRIWNWRACEAAKKTKADDRGTDEKTSEQTILNMISQSSSDTTIAGLMSMSTSTTSAVPSLPVSEESSSNLTSVEMLPGKRWLSSQPSFKLEPTQGHRTSENLALTGVDHSLPQDGSNAFISQKQNSKSVPSAKVSLKEYRAKHAEELAAQKRQLENMEANVKSQYAYAAQNLLSHHDSHSSVILKMPIEGSENPERPFLEKADKTALKMRIPVAGGDKAASSKPEEIKMRIKVHAAADKHNSVEDSVTKSREHKEKHKTHPSNHHHHHNHHSHKHSHSQLPVGTGNKRPGDPKHSSQTSNLAHKTYSLSSSFSSSSSTRKRGPSEETGGAVFDHPAKIAKSTKSSSLNFSFPSLPTMGQMPGHSSDTSGLSFSQPSCKTRVPHSKLDKGPTGANGHNTTQTIDYQDTVNMLHSLLSAQGVQPTQPTAFEFVRPYSDYLNPRSGGISSRSGNTDKPRPPPLPSEPPPPLPPLPK
Q13627	[(491, 686)]	['GO:0016607']	MHTGGETSACKPSSVRLAPSFSFHAAGLQMAGQMPHSHQYSDRRQPNISDQQVSALSYSDQIQQPLTNQVMPDIVMLQRRMPQTFRDPATAPLRKLSVDLIKTYKHINEVYYAKKKRRHQQGQGDDSSHKKERKVYNDGYDDDNYDYIVKNGEKWMDRYEIDSLIGKGSFGQVVKAYDRVEQEWVAIKIIKNKKAFLNQAQIEVRLLELMNKHDTEMKYYIVHLKRHFMFRNHLCLVFEMLSYNLYDLLRNTNFRGVSLNLTRKFAQQMCTALLFLATPELSIIHCDLKPENILLCNPKRSAIKIVDFGSSCQLGQRIYQYIQSRFYRSPEVLLGMPYDLAIDMWSLGCILVEMHTGEPLFSGANEVDQMNKIVEVLGIPPAHILDQAPKARKFFEKLPDGTWNLKKTKDGKREYKPPGTRKLHNILGVETGGPGGRRAGESGHTVADYLKFKDLILRMLDYDPKTRIQPYYALQHSFFKKTADEGTNTSNSVSTSPAMEQSQSSGTTSSTSSSSGGSSGTSNSGRARSDPTHQHRHSGGHFTAAVQAMDCETHSPQVRQQFPAPLGWSGTEAPTQVTVETHPVQETTFHVAPQQNALHHHHGNSSHHHHHHHHHHHHHGQQALGNRTRPRVYNSPTNSSSTQDSMEVGHSHHSMTSLSSSTTSSSTSSSSTGNQGNQAYQNRPVAANTLDFGQNGAMDVNLTVYSNPRQETGIAGHPTYQFSANTGPAHYMTEGHLTMRQGADREESPMTGVCVQQSPVASS
P03520	[(1, 265)]	['GO:0039714', 'GO:0039716']	MDNLTKVREYLKSYSRLDQAVGEIDEIEAQRAEKSNYELFQEDGVEEHTKPSYFQAADDSDTESEPEIEDNQGLYAQDPEAEQVEGFIQGPLDDYADEEVDVVFTSDWKPPELESDEHGKTLRLTSPEGLSGEQKSQWLSTIKAVVQSAKYWNLAECTFEASGEGVIMKERQITPDVYKVTPVMNTHPSQSEAVSDVWSLSKTSMTFQPKKASLQPLTISLDELFSSRGEFISVGGDGRMSHKEAILLGLRYKKLYNQARVKYSL
P03521	[(1, 422)]	['GO:0039714', 'GO:0039716']	MSVTVKRIIDNTVIVPKLPANEDPVEYPADYFRKSKEIPLYINTTKSLSDLRGYVYQGLKSGNVSIIHVNSYLYGALKDIRGKLDKDWSSFGINIGKAGDTIGIFDLVSLKALDGVLPDGVSDASRTSADDKWLPLYLLGLYRVGRTQMPEYRKKLMDGLTNQCKMINEQFEPLVPEGRDIFDVWGNDSNYTKIVAAVDMFFHMFKKHECASFRYGTIVSRFKDCAALATFGHLCKITGMSTEDVTTWILNREVADEMVQMMLPGQEIDKADSYMPYLIDFGLSSKSPYSSVKNPAFHFWGQLTALLLRSTRARNARQPDDIEYTSLTTAGLLYAYAVGSSADLAQQFCVGDNKYTPDDSTGGLTTNAPPQGRDVVEWLGWFEDQNRKPTPDMMQYAKRAVMSLQGLREKTIGKYAKSEFDK
P04156	[(23, 111)]	['GO:0043232']	MANLGCWMLVLFVATWSDLGLCKKRPKPGGWNTGGSRYPGQGSPGGNRYPPQGGGGWGQPHGGGWGQPHGGGWGQPHGGGWGQPHGGGWGQGGGTHSQWNKPSKPKTNMKHMAGAAAAGAVVGGLGGYMLGSAMSRPIIHFGSDYEDRYYRENMHRYPNQVYYRPMDEYSNQNNFVHDCVNITIKQHTVTTTTKGENFTETDVKMMERVVEQMCITQYERESQAYYQRGSSMVLFSSPPVILLISFLIFLIVG
P05067	[(672, 713)]	['GO:0043232']	MLPGLALLLLAAWTARALEVPTDGNAGLLAEPQIAMFCGRLNMHMNVQNGKWDSDPSGTKTCIDTKEGILQYCQEVYPELQITNVVEANQPVTIQNWCKRGRKQCKTHPHFVIPYRCLVGEFVSDALLVPDKCKFLHQERMDVCETHLHWHTVAKETCSEKSTNLHDYGMLLPCGIDKFRGVEFVCCPLAEESDNVDSADAEEDDSDVWWGGADTDYADGSEDKVVEVAEEEEVAEVEEEEADDDEDDEDGDEVEEEAEEPYEEATERTTSIATTTTTTTESVEEVVREVCSEQAETGPCRAMISRWYFDVTEGKCAPFFYGGCGGNRNNFDTEEYCMAVCGSAMSQSLLKTTQEPLARDPVKLPTTAASTPDAVDKYLETPGDENEHAHFQKAKERLEAKHRERMSQVMREWEEAERQAKNLPKADKKAVIQHFQEKVESLEQEAANERQQLVETHMARVEAMLNDRRRLALENYITALQAVPPRPRHVFNMLKKYVRAEQKDRQHTLKHFEHVRMVDPKKAAQIRSQVMTHLRVIYERMNQSLSLLYNVPAVAEEIQDEVDELLQKEQNYSDDVLANMISEPRISYGNDALMPSLTETKTTVELLPVNGEFSLDDLQPWHSFGADSVPANTENEVEPVDARPAADRGLTTRPGSGLTNIKTEEISEVKMDAEFRHDSGYEVHHQKLVFFAEDVGSNKGAIIGLMVGGVVIATVIVITLVMLKKKQYTSIHHGVVEVDAAVTPEERHLSKMQQNGYENPTYKFFEQMQN
Q500V5	[(180, 517)]	['GO:0000792', 'GO:0035328', 'GO:0005720']	MLRPRRSLGVSSPAKQRKKAAPKNSMATRANRKRLPSYLKPGSAVEISSDEIGFRGSWYMGKVITIPSSSDKDSVKCQVEYTTLFFDKEGTKPLKEVVDMSQLRPPAPPMSEIEKKKKIVVGEEVDAFYNDGWWEGDVTEVLDDGKFSVFFRSSKEQIRFRKDELRFHREWVDGAWKPPLEETEEEEDESEEDKLDDSEDEEDILARVDLETTRAIAKQMFSSGTVVEVSSDEEGFQGCWFAAKVVEPVGEDKFLVEYRDLREKDGIEPLKEETDFLHIRPPPPRDEDIDFAVGDKINAFYNDGWWVGVVIDGMKHGTVGIYFRQSQEKMRFGRQGLRLHKDWVDGTWQLPLKGGKIKREKTVSCNRNVRPKKATEKQAFSIGTPIEVSPEEEGFEDSWFLAKLIEYRGKDKCLVEYDNLKAEDGKEPLREEVNVSRIRPLPLESVMVSPFERHDKVNALYNDGWWVGVIRKVLAKSSYLVLFKNTQELLKFHHSQLRLHQEWIDGKWITSFKSQKV
Q14781	[(1, 532)]	['GO:0000791', 'GO:0035327', 'GO:0035328', 'GO:0031519', 'GO:0005720', 'GO:0005719', 'GO:0000792']	MEELSSVGEQVFAAECILSKRLRKGKLEYLVKWRGWSSKHNSWEPEENILDPRLLLAFQKKEHEKEVQNRKRGKRPRGRPRKLTAMSSCSRRSKLKEPDAPSKSKSSSSSSSSTSSSSSSDEEDDSDLDAKRGPRGRETHPVPQKKAQILVAKPELKDPIRKKRGRKPLPPEQKATRRPVSLAKVLKTARKDLGAPASKLPPPLSAPVAGLAALKAHAKEACGGPSAMATPENLASLMKGMASSPGRGGISWQSSIVHYMNRMTQSQAQAASRLALKAQATNKCGLGLDLKVRTQKGELGMSPPGSKIPKAPSGGAVEQKVGNTGGPPHTHGASRVPAGCPGPQPAPTQELSLQVLDLQSVKNGMPGVGLLARHATATKGVPATNPAPGKGTGSGLIGASGATMPTDTSKSEKLASRAVAPPTPASKRDCVKGSATPSGQESRTAPGEARKAATLPEMSAGEESSSSDSDPDSASPPSTGQNPSVSVQTSQDWKPTRSLIEHVFVTDVTANLITVTVKESPTSVGFFNLRHY
Q02794	[(1, 78)]	['GO:0043232']	MFVSPPPATARNQVLGKRKSKRHDENPKNVQPNADTEMTNSVPSIGFNSNLPHNNQEINTPNHYNLSSNSGNVRSNNNFVTTPPEYADRARIEIIKRLLPTAGTKPMEVNSNTAENANIQHINTPDSQSFVSDHSSSYESSIFSQPSTALTDITTGSSLIDTKTPKFVTEVTLEDALPKTFYDMYSPEVLMSDPANILYNGRPKFTKRELLDWDLNDIRSLLIVEQLRPEWGSQLPTVVTSGINLPQFRLQLLPLSSSDEFIIATLVNSDLYIEANLDRNFKLTSAKYTVASARKRHEEMTGSKEPIMRLSKPEWRNIIENYLLNVAVEAQCRYDFKQKRSEYKRWKLLNSNLKRPDMPPPSLIPHGFKIHDCTNSGSLLKKALMKNLQLKNYKNDAKTLGAGTQKNVVNKVSLTSEERAAIWFQCQTQVYQRLGLDWKPDGMS
P38996	[(329, 404), (568, 793)]	['GO:1990251', 'GO:0016604', 'GO:0033620']	MSDENHNSDVQDIPSPELSVDSNSNENELMNNSSADDGIEFDAPEEEREAEREEENEEQHELEDVNDEEEEDKEEKGEENGEVINTEEEEEEEHQQKGGNDDDDDDNEEEEEEEEDDDDDDDDDDDDEEEEEEEEEEGNDNSSVGSDSAAEDGEDEEDKKDKTKDKEVELRRETLEKEQKDVDEAIKKITREENDNTHFPTNMENVNYDLLQKQVKYIMDSNMLNLPQFQHLPQEEKMSAILAMLNSNSDTALSVPPHDSTISTTASASATSGARSNDQRKPPLSDAQRRMRFPRADLSKPITEEEHDRYAAYLHGENKITEMHNIPPKSRLFIGNLPLKNVSKEDLFRIFSPYGHIMQINIKNAFGFIQFDNPQSVRDAIECESQEMNFGKKLILEVSSSNARPQFDHGDHGTNSSSTFISSAKRPFQTESGDMYNDDNGAGYKKSRRHTVSCNIFVKRTADRTYAIEVFNRFRDGTGLETDMIFLKPRMELGKLINDAAYNGVWGVVLVNKTHNVDVQTFYKGSQGETKFDEYISISADDAVAIFNNIKNNRNNSRPTDYRAMSHQQNIYGAPPLPVPNGPAVGPPPQTNYYQGYSMPPPQQQQQQPYGNYGMPPPSHDQGYGSQPPIPMNQSYGRYQTSIPPPPPQQQIPQGYGRYQAGPPPQPPSQTPMDQQQLLSAIQNLPPNVVSNLLSMAQQQQQQPHAQQQLVGLIQSMQGQAPQQQQQQLGGYSSMNSSSPPPMSTNYNGQNISAKPSAPPMSHQPPPPQQQQQQQQQQQQQQQQPAGNNVQSLLDSLAKLQK
Q94ET8	[(52, 291)]	['GO:1990732']	MATISSMRVGAASRVVVSGRVKTVKVAARGSWRESSTATVQASRASSATNRVSPTRSVLPANWRQELESLRNGNGSSSAASSAPAPARSSSASWRDAAPASSAPARSSSASKKAVTPSRSALPSNWKQELESLRSSSPAPASSAPAPARSSSASWRDAAPASSAPARSSSSKKAVTPSRSALPSNWKQELESLRSSSPAPASSAPAPARSSSASWRDAAPASSAPARSSSASKKAVTPSRSALPSNWKQELESLRSNSPAPARRPLPRPAPRRPAGVTPPPRAPARAPTRPAPTPGLASPSPRSSAPPCPLTGARACKQLA
Q8L3W1	[(1, 341)]	['GO:1990251', 'GO:0016604', 'GO:0033620']	MPRPFFHKLIFSSTIQEKRLRVPDKFVSKFKDELSVAVALTVPDGHVWRVGLRKADNKIWFQDGWQEFVDRYSIRIGYLLIFRYEGNSAFSVYIFNLSHSEINYHSTGLMDSAHNHFKRARLFEDLEDEDAEVIFPSSVYPSPLPESTVPANKGYASSAIQTLFTGPVKAEEPTPTPKIPKKRGRKKKNADPEEINSSAPRDDDPENRSKFYESASARKRTVTAEERERAINAAKTFEPTNPFFRVVLRPSYLYRGCIMYLPSGFAEKYLSGISGFIKVQLAEKQWPVRCLYKAGRAKFSQGWYEFTLENNLGEGDVCVFELLRTRDFVLKVTAFRVNEYV
Q07352	[(1, 338)]	['GO:0036464', 'GO:0140363']	MTTTLVSATIFDLSEVLCKGNKMLNYSAPSAGGCLLDRKAVGTPAGGGFPRRHSVTLPSSKFHQNQLLSSLKGEPAPALSSRDSRFRDRSFSEGGERLLPTQKQPGGGQVNSSRYKTELCRPFEENGACKYGDKCQFAHGIHELRSLTRHPKYKTELCRTFHTIGFCPYGPRCHFIHNAEERRALAGARDLSADRPRLQHSFSFAGFPSAAATAAATGLLDSPTSITPPPILSADDLLGSPTLPDGTNNPFAFSSQELASLFAPSMGLPGGGSPTTFLFRPMSESPHMFDSPPSPQDSLSDQEGYLSSSSSSHSGSDSPTLDNSRRLPIFSRLSISDD
P23771	[(105, 260)]	['GO:1990251', 'GO:0016604', 'GO:0034206', 'GO:0033620']	MEVTADQPRWVSHHHPAVLNGQHPDTHHPGLSHSYMDAAQYPLPEEVDVLFNIDGQGNHVPPYYGNSVRATVQRYPPTHHGSQVCRPPLLHGSLPWLDGGKALGSHHTASPWNLSPFSKTSIHHGSPGPLSVYPPASSSSLSGGHASPHLFTFPPTPPKDVSPDPSLSTPGSAGSARQDEKECLKYQVPLPDSMKLESSHSRGSMTALGGASSSTHHPITTYPPYVPEYSSGLFPPSSLLGGSPTGFGCKSRPKARSSTGRECVNCGATSTPLWRRDGTGHYLCNACGLYHKMNGQNRPLIKPKRRLSAARRAGTSCANCQTTTTTLWRRNANGDPVCNACGLYYKLHNINRPLTMKKEGIQTRNRKMSSKSKKCKKVHDSLEDFPKNSSFNPAALSRHMSSLSHISPFSHSSHMLTTPTPMHPPSSLSFGPHHPSSMVTAMG
P03372	[(79, 174)]	['GO:1990251', 'GO:0016604', 'GO:0034206', 'GO:0033620']	MTMTLHTKASGMALLHQIQGNELEPLNRPQLKIPLERPLGEVYLDSSKPAVYNYPEGAAYEFNAAAAANAQVYGQTGLPYGPGSEAAAFGSNGLGGFPPLNSVSPSPLMLLHPPPQLSPFLQPHGQQVPYYLENEPSGYTVREAGPPAFYRPNSDNRRQGGRERLASTNDKGSMAMESAKETRYCAVCNDYASGYHYGVWSCEGCKAFFKRSIQGHNDYMCPATNQCTIDKNRRKSCQACRLRKCYEVGMMKGGIRKDRRGGRMLKHKRQRDDGEGRGEVGSAGDMRAANLWPSPLMIKRSKKNSLALSLTADQMVSALLDAEPPILYSEYDPTRPFSEASMMGLLTNLADRELVHMINWAKRVPGFVDLTLHDQVHLLECAWLEILMIGLVWRSMEHPGKLLFAPNLLLDRNQGKCVEGMVEIFDMLLATSSRFRMMNLQGEEFVCLKSIILLNSGVYTFLSSTLKSLEEKDHIHRVLDKITDTLIHLMAKAGLTLQQQHQRLAQLLLILSHIRHMSNKGMEHLYSMKCKNVVPLYDLLLEMLDAHRLHAPTSRGGASVEETDQSHLATAGSTSSHSLQKYYITGEAEGFPATV
O43781	[(1, 188)]	['GO:0010494', 'GO:0043232']	MGGTARGPGRKDAGPPGAGLPPQQRRLGDGVYDTFMMIDETKCPPCSNVLCNPSEPPPPRRLNMTTEQFTGDHTQHFLDGGEMKVEQLFQEFGNRKSNTIQSDGISDSEKCSPTVSQGKSSDCLNTVKSNSSSKAPKVVPLTPEQALKQYKHHLTAYEKLEIINYPEIYFVGPNAKKRHGVIGGPNNGGYDDADGAYIHVPRDHLAYRYEVLKIIGKGSFGQVARVYDHKLRQYVALKMVRNEKRFHRQAAEEIRILEHLKKQDKTGSMNVIHMLESFTFRNHVCMAFELLSIDLYELIKKNKFQGFSVQLVRKFAQSILQSLDALHKNKIIHCDLKPENILLKHHGRSSTKVIDFGSSCFEYQKLYTYIQSRFYRAPEIILGSRYSTPIDIWSFGCILAELLTGQPLFPGEDEGDQLACMMELLGMPPPKLLEQSKRAKYFINSKGIPRYCSVTTQADGRVVLVGGRSRRGKKRGPPGSKDWGTALKGCDDYLFIEFLKRCLHWDPSARLTPAQALRHPWISKSVPRPLTTIDKVSGKRVVNPASAFQGLGSKLPPVVGIANKLKANLMSETNGSIPLCSVLPKLIS
Q92777	[(421, 582)]	['GO:0099523']	MMNFLRRRLSDSSFIANLPNGYMTDLQRPEPQQPPPPPPPGPGAASASAAPPTASPGPERRPPPASAPAPQPAPTPSVGSSFFSSLSQAVKQTAASAGLVDAPAPAPAAARKAKVLLVVDEPHADWAKCFRGKKVLGDYDIKVEQAEFSELNLVAHADGTYAVDMQVLRNGTKVVRSFRPDFVLIRQHAFGMAENEDFRHLIIGMQYAGLPSINSLESIYNFCDKPWVFAQLVAIYKTLGGEKFPLIEQTYYPNHKEMLTLPTFPVVVKIGHAHSGMGKVKVENHYDFQDIASVVALTQTYATAEPFIDSKYDIRVQKIGNNYKAYMRTSISGNWKTNTGSAMLEQIAMSDRYKLWVDTCSEMFGGLDICAVKAVHGKDGKDYIFEVMDCSMPLIGEHQVEDRQLITELVISKMNQLLSRTPALSPQRPLTTQQPQSGTLKDPDSSKTPPQRPPPQGGPGQPQGMQPPGKVLPPRRLPPGPSLPPSSSSSSSSSSSAPQRPGGPTTHGDAPSSSSSLAEAQPPLAAPPQKPQPHPQLNKSQSLTNAFSFSESSFFRSSANEDEAKAETIRSLRKSFASLFSD
Q60598	[(84, 330)]	['GO:0043232']	MWKASAGHAVSITQDDGGADDWETDPDFVNDVSEKEQRWGAKTVQGSGHQEHINIHKLRENVFQEHQTLKEKELETGPKASHGYGGKFGVEQDRMDRSAVGHEYQSKLSKHCSQVDSVRGFGGKFGVQMDRVDQSAVGFEYQGKTEKHASQKDYSSGFGGKYGVQADRVDKSAVGFDYQGKTEKHESQKDYSKGFGGKYGIDKDKVDKSAVGFEYQGKTEKHESQKDYVKGFGGKFGVQTDRQDKCALGWDHQEKLQLHESQKDYKTGFGGKFGVQSERQDSSAVGFDYKERLAKHESQQDYAKGFGGKYGVQKDRMDKNASTFEEVVQVPSAYQKTVPIEAVTSKTSNIRANFENLAKEREQEDRRKAEAERAQRMAKERQEQEEARRKLEEQARAKKQTPPASPSPQPIEDRPPSSPIYEDAAPFKAEPSYRGSEPEPEYSIEAAGIPEAGSQQGLTYTSEPVYETTEAPGHYQAEDDTYDGYESDLGITAIALYDYQAAGDDEISFDPDDIITNIEMIDDGWWRGVCKGRYGLFPANYVELRQ
O74718	[(1, 235)]	['GO:0043232']	MASNQPNNGEQDEQLAKQTSKLSMSAKAPTFTPKAAPFIPSFQRPGFVPVNNIAGGYPYAQYTGQGQNSNSPHPTKSYQQYYQKPTGNTVDEDKSRVPDFSKKKSFVPPKPAIPKGKVLSLGGNTSAPKSTKPISISLGGTKAPTTTKPAAPAAQSKTETPAPKVTSESTKKETAAPPPQETPTKSADAELAKTPSAPAAALKKAAEAAEPATVTEDATDLQNEVDQELLKDMYGKEHVNIVFIGHVDAGKSTLGGNILFLTGMVDKRTMEKIEREAKEAGKESWYLSWALDSTSEEREKGKTVEVGRAYFETEHRRFSLLDAPGHKGYVTNMINGASQADIGVLVISARRGEFEAGFERGGQTREHAVLARTQGINHLVVVINKMDEPSVQWSEERYKECVDKLSMFLRRVAGYNSKTDVKYMPVSAYTGQNVKDRVDSSVCPWYQGPSLLEYLDSMTHLERKVNAPFIMPIASKYKDLGTILEGKIEAGSIKKNSNVLVMPINQTLEVTAIYDEADEEISSSICGDQVRLRVRGDDSDVQTGYVLTSTKNPVHATTRFIAQIAILELPSILTTGYSCVMHIHTAVEEVSFAKLLHKLDKTNRKSKKPPMFATKGMKIIAELETQTPVCMERFEDYQYMGRFTLRDQGTTVAVGKVVKILD
P29590-12	[(1, 585)]	['GO:0016605']	MEPAPARSPRPQQDPARPQEPTMPPPETPSEGRQPSPSPSPTERAPASEEEFQFLRCQQCQAEAKCPKLLPCLHTLCSGCLEASGMQCPICQAPWPLGADTPALDNVFFESLQRRLSVYRQIVDAQAVCTRCKESADFWCFECEQLLCAKCFEAHQWFLKHEARPLAELRNQSVREFLDGTRKTNNIFCSNPNHRTPTLTSIYCRGCSKPLCCSCALLDSSHSELKCDISAEIQQRQEELDAMTQALQEQDSAFGAVHAQMHAAVGQLGRARAETEELIRERVRQVVAHVRAQERELLEAVDARYQRDYEEMASRLGRLDAVLQRIRTGSALVQRMKCYASDQEVLDMHGFLRQALCRLRQEEPQSLQAAVRTDGFDEFKVRLQDLSSCITQGKDAAVSKKASPEAASTPRDPIDVDLDVSNTTTAQKRKCSQTQCPRKVIKMESEEGKEARLARSSPEQPRPSTSKAVSPPHLDGPPSPRSPVIGSEVFLPNSNHVASGAGEAEERVVVISSSEDSDAENSSSRELDDSSSESSDLQLEGPSTLRVLDENLADPQAEDRPLVFFDLKIDNESGFSWGYPHPFLI
P78352-3	[(306, 721)]	['GO:0097481', 'GO:0097483', 'GO:0014069']	MDCLCIVTTKKYRYQDEDTPPLEHSPAHLPNQANSPPVIVNTDTLEAPGYVNGTEGEMEYEEITLERGNSGLGFSIAGGTDNPHIGDDPSIFITKIIPGGAAAQDGRLRVNDSILFVNEVDVREVTHSAAVEALKEAGSIVRLYVMRRKPPAEKVMEIKLIKGPKGLGFSIAGGVGNQHIPGDNSIYVTKIIEGGAAHKDGRLQIGDKILAVNSVGLEDVMHEDAVAALKNTYDVVYLKVAKPSNAYLSDSYAPPDITTSYSQHLDNEISHSSYLGTDYPTAMTPTSPRRYSPVAKDLLGEEDIPREPRRIVIHRGSTGLGFNIVGGEDGEGIFISFILAGGPADLSGELRKGDQILSVNGVDLRNASHEQAAIALKNAGQTVTIIAQYKPEEYSRFEAKIHDLREQLMNSSLGSGTASLRSNPKRGFYIRALFDYDKTKDCGFLSQALSFRFGDVLHVIDASDEEWWQARRVHSDSETDDIGFIPSKRRVERREWSRLKAKDWGSSSGSQGREDSVLSYETVTQMEVHYARPIIILGPTKDRANDDLLSEFPDKFGSCVPHTTRPKREYEIDGRDYHFVSSREKMEKDIQAHKFIEAGQYNSHLYGTSVQSVREVAEQGKHCILDVSANAVRRLQAAHLHPIAIFIRPRSLENVLEINKRITEEQARKAFDRATKLEQEFTECFSAIVEGDSFEEIYHKVKRVIEDLSGPYIWVPARERL
P00873	[(68, 80), (131, 144)]	['GO:1990732']	MAAVIAKSSVSAAVARPARSSVRPMAALKPAVKAAPVAAPAQANQMMVWTPVNNKMFETFSYLPPLTDEQIAAQVDYIVANGWIPCLEFAEADKAYVSNESAIRFGSVSCLYYDNRYWTMWKLPMFGCRDPMQVLREIVACTKAFPDAYVRLVAFDNQKQVQIMGFLVQRPKTARDFQPANKRSV
P43243	[(1, 397)]	['GO:0043232']	MSKSFQQSSLSRDSQGHGRDLSAAGIGLLAAATQSLSMPASLGRMNQGTARLASLMNLGMSSSLNQQGAHSALSSASTSSHNLQSIFNIGSRGPLPLSSQHRGDADQASNILASFGLSARDLDELSRYPEDKITPENLPQILLQLKRRRTEEGPTLSYGRDGRSATREPPYRVPRDDWEEKRHFRRDSFDDRGPSLNPVLDYDHGSRSQESGYYDRMDYEDDRLRDGERCRDDSFFGETSHNYHKFDSEYERMGRGPGPLQERSLFEKKRGAPPSSNIEDFHGLLPKGYPHLCSICDLPVHSNKEWSQHINGASHSRRCQLLLEIYPEWNPDNDTGHTMGDPFMLQQSTNPAPGILGPPPPSFHLGGPAVGPRGNLGAGNGNLQGPRHMQKGRVETSRVVHIMDFQRGKNLRYQLLQLVEPFGVISNHLILNKINEAFIEMATTEDAQAAVDYYTTTPALVFGKPVRVHLSQKYKRIKKPEGKPDQKFDQKQELGRVIHLSNLPHSGYSDSAVLKLAEPYGKIKNYILMRMKSQAFIEMETREDAMAMVDHCLKKALWFQGRCVKVDLSEKYKKLVLRIPNRGIDLLKKDKSRKRSYSPDGKESPSDKKSKTDGSQKTESSTEGKEQEEKSGEDGEKDTKDDQTEQEPNMLLESEDELLVDEEEAAALLESGSSVGDETDLANLGDVASDGKKEPSDKAVKKDGSASAAAKKKLKKVDKIEELDQENEAALENGIKNEENTEPGAESSENADDPNKDTSENADGQSDENKDDYTIPDEYRIGPYQPNVPVGIDYVIPKTGFYCKLCSLFYTNEEVAKNTHCSSLPHYQKLKKFLNKLAEERRQKKET
Q54VP4	[(146, 416)]	['GO:0043232']	MSINWLTHPFEELSNLKHSLDETLKNWTEPAPTAATSMDWGWKPRMDVCENKDYYKIILELPSFNKDEIEVQVNGRFLSIKGQKIEHTTDEWKYHRRERYSGGEFHRAVALPEGIDGSSIQAKFQSGVLLLLIPKTGGKTSQHISLFGREEHGNKRNVIDLEEKERKRRMEESDPMLGRRWGTGRSLFSGSKLNNQNDTMYRKPSASDLRLVKQMETKERERRIRDTKGETEKKKNALKVSRYIKSLGMNPRSTLRRGGREMEKIIHLEERERQARIRDKGRMRQQQALAKKVSNLIKHSGGAARLRHTGFNYSTITKGYNTNKTKFDRFGKENDSFGGFNINKSFTNQFKGFGKNSGGKSINITTGGFKAPSQFNKFTHNLEEKERQRRLNDKKGQNDAKRLAAEISHMIGNAHF
P26368	[(27, 62), (149, 337), (385, 466)]	['GO:0016607']	MSDFDEFERQLNENKQERDKENRHRKRSHSRSRSRDRKRRSRSRDRRNRDQRSASRDRRRRSKPLTRGAKEEHGGLIRSPRHEKKKKVRKYWDVPPPGFEHITPMQYKAMQAAGQIPATALLPTMTPDGLAVTPTPVPVVGSQMTRQARRLYVGNIPFGITEEAMMDFFNAQMRLGGLTQAPGNPVLAVQINQDKNFAFLEFRSVDETTQAMAFDGIIFQGQSLKIRRPHDYQPLPGMSENPSVYVPGVVSTVVPDSAHKLFIGGLPNYLNDDQVKELLTSFGPLKAFNLVKDSATGLSKGYAFCEYVDINVTDQAIAGLNGMQLGDKKLLVQRASVGAKNATLVSPPSTINQTPVTLQVPGLMSSQVQMGGHPTEVLCLMNMVLPEELLDDEEYEEIVEDVRDECSKYGLVKSIEIPRPVDGVEVPGCGKIFVEFTSVFDCQKAMQGLTGRKFANRVVVTKYCDPDSYHRRDFW
P35972	[(392, 525)]	['GO:0016234']	MATLLRSLALFKRNKDKPPITSGSGGAIRGIKHIIIVPIPGDSSITTRSRLLDRLVRLIGNPDVSGPKLTGALIGILSLFVESPGQLIQRITDDPDVSIRLLEVVQSDQSQSGLTFASRGTNMEDEADKYFSHDDPISSDQSRFGWFENKEISDIEVQDPEGFNMILGTILAQIWVLLAKAVTAPDTAADSELRRWIKYTQQRRVVGEFRLERKWLDVVRNRIAEDLSLRRFMVALILDIKRTPGNKPRIAEMICDIDTYIVEAGLASFILTIKFGIETMYPALGLHEFAGELSTLESLMNLYQQMGETAPYMVNLENSIQNKFSAGSYPLLWSYAMGVGVELENSMGGLNFGRSYFDPAYFRLGQEMVRRSAGKVSSTLASELGITAEDARLVSEIAMHTTEDKISRAVGPRQAQVSFLHGDQSENELPRLGGKEDRRVKQSRGEARESYRETGPSRASDARAAHLPTGTPLDIDTASESSQDPQDSRRSADALLRLQAMAGISEEQGSDTDTPIVYNDRNLLD
Q9Y5A9	[(1, 409), (410, 544)]	['GO:0010494', 'GO:0071598', 'GO:0000932']	MSASSLLEQRPKGQGNKVQNGSVHQKDGLNDDDFEPYLSPQARPNNAYTAMSDSYLPSYYSPSIGFSYSLGEAAWSTGGDTAMPYLTSYGQLSNGEPHFLPDAMFGQPGALGSTPFLGQHGFNFFPSGIDFSAWGNNSSQGQSTQSSGYSSNYAYAPSSLGGAMIDGQSAFANETLNKAPGMNTIDQGMAALKLGSTEVASNVPKVVGSAVGSGSITSNIVASNSLPPATIAPPKPASWADIASKPAKQQPKLKTKNGIAGSSLPPPPIKHNMDIGTWDNKGPVAKAPSQALVQNIGQPTQGSPQPVGQQANNSPPVAQASVGQQTQPLPPPPPQPAQLSVQQQAAQPTRWVAPRNRGSGFGHNGVDGNGVGQSQAGSGSTPSEPHPVLEKLRSINNYNPKDFDWNLKHGRVFIIKSYSEDDIHRSIKYNIWCSTEHGNKRLDAAYRSMNGKGPVYLLFSVNGSGHFCGVAEMKSAVDYNTCAGVWSQDKWKGRFDVRWIFVKDVPNSQLRHIRLENNENKPVTNSRDTQEVPLEKAKQVLKIIASYKHTTSIFDDFSHYEKRQEEEESVKKERQGRGK
Q9BYJ9	[(1, 388), (389, 523)]	['GO:0010494', 'GO:0071598', 'GO:0000932']	MSATSVDTQRTKGQDNKVQNGSLHQKDTVHDNDFEPYLTGQSNQSNSYPSMSDPYLSSYYPPSIGFPYSLNEAPWSTAGDPPIPYLTTYGQLSNGDHHFMHDAVFGQPGGLGNNIYQHRFNFFPENPAFSAWGTSGSQGQQTQSSAYGSSYTYPPSSLGGTVVDGQPGFHSDTLSKAPGMNSLEQGMVGLKIGDVSSSAVKTVGSVVSSVALTGVLSGNGGTNVNMPVSKPTSWAAIASKPAKPQPKMKTKSGPVMGGGLPPPPIKHNMDIGTWDNKGPVPKAPVPQQAPSPQAAPQPQQVAQPLPAQPPALAQPQYQSPQQPPQTRWVAPRNRNAAFGQSGGAGSDSNSPGNVQPNSAPSVESHPVLEKLKAAHSYNPKEFEWNLKSGRVFIIKSYSEDDIHRSIKYSIWCSTEHGNKRLDSAFRCMSSKGPVYLLFSVNGSGHFCGVAEMKSPVDYGTSAGVWSQDKWKGKFDVQWIFVKDVPNNQLRHIRLENNDNKPVTNSRDTQEVPLEKAKQVLKIISSYKHTTSIFDDFAHYEKRQEEEEVVRKERQSRNKQ
Q7Z739	[(1, 415), (416, 550)]	['GO:0010494', 'GO:0071598', 'GO:0000932']	MSATSVDQRPKGQGNKVSVQNGSIHQKDAVNDDDFEPYLSSQTNQSNSYPPMSDPYMPSYYAPSIGFPYSLGEAAWSTAGDQPMPYLTTYGQMSNGEHHYIPDGVFSQPGALGNTPPFLGQHGFNFFPGNADFSTWGTSGSQGQSTQSSAYSSSYGYPPSSLGRAITDGQAGFGNDTLSKVPGISSIEQGMTGLKIGGDLTAAVTKTVGTALSSSGMTSIATNSVPPVSSAAPKPTSWAAIARKPAKPQPKLKPKGNVGIGGSAVPPPPIKHNMNIGTWDEKGSVVKAPPTQPVLPPQTIIQQPQPLIQPPPLVQSQLPQQQPQPPQPQQQQGPQPQAQPHQVQPQQQQLQNRWVAPRNRGAGFNQNNGAGSENFGLGVVPVSASPSSVEVHPVLEKLKAINNYNPKDFDWNLKNGRVFIIKSYSEDDIHRSIKYSIWCSTEHGNKRLDAAYRSLNGKGPLYLLFSVNGSGHFCGVAEMKSVVDYNAYAGVWSQDKWKGKFEVKWIFVKDVPNNQLRHIRLENNDNKPVTNSRDTQEVPLEKAKQVLKIIATFKHTTSIFDDFAHYEKRQEEEEAMRRERNRNKQ
Q9U2F5	[(328, 434)]	['GO:0043232']	MATSFYTGGGEDGDGFNPRVHARIAEREGFQLASGSEDPRTLFVANLDPAITDEFLATLFNQIGAVMKAKIIFEGLNDPYAFVEFSDHNQATLALQSHNGRELLEKEMHVTWAFEPREPGENRSKPETSRHFHVFVGDLCSEIDSTKLREAFVKFGEVSEAKIIRDNNTNKGKGYGFVSYPRREDAERAIDEMNGAWLGRRTIRTNWATRKPDEDGERGGDRGDRRGGGGGGRDRYHNQSEKTYDEIFNQAAADNTSVYVGNIANLGEDEIRRAFDRFGPINEVRTFKIQGYAFVKFETKESAARAIVQMNNADIGGQIVRCSWGKSGDSGKPSERGSGGGGGSGNYGYGYGNSGGGGGSGGPGNSQFSNFNQRPPPSGNGGSGGGSGGQNNQYWQYYSQYYNNPHLMQQWNNYWQKDGPPPPPAAAASSTGGN
Q8NE35	[(1, 698)]	['GO:0000932']	MQDDLLMDKSKTQPQPQQQQRQQQQPQPESSVSEAPSTPLSSETPKPEENSAVPALSPAAAPPAPNGPDKMQMESPLLPGLSFHQPPQQPPPPQEPAAPGASLSPSFGSTWSTGTTNAVEDSFFQGITPVNGTMLFQNFPHHVNPVFGGTFSPQIGLAQTQHHQQPPPPAPAPQPAQPAQPPQAQPPQQRRSPASPSQAPYAQRSAAAAYGHQPIMTSKPSSSSAVAAAAAAAAASSASSSWNTHQSVNAAWSAPSNPWGGLQAGRDPRRAVGVGVGVGVGVPSPLNPISPLKKPFSSNVIAPPKFPRAAPLTSKSWMEDNAFRTDNGNNLLPFQDRSRPYDTFNLHSLENSLMDMIRTDHEPLKGKHYPPSGPPMSFADIMWRNHFAGRMGINFHHPGTDNIMALNNAFLDDSHGDQALSSGLSSPTRCQNGERVERYSRKVFVGGLPPDIDEDEITASFRRFGPLVVDWPHKAESKSYFPPKGYAFLLFQEESSVQALIDACLEEDGKLYLCVSSPTIKDKPVQIRPWNLSDSDFVMDGSQPLDPRKTIFVGGVPRPLRAVELAMIMDRLYGGVCYAGIDTDPELKYPKGAGRVAFSNQQSYIAAISARFVQLQHNDIDKRVEVKPYVLDDQMCDECQGTRCGGKFAPFFCANVTCLQYYCEYCWASIHSRAGREFHKPLVKEGGDRPRHVPFRWS
P35974	[(459, 507)]	['GO:0016234']	MAEEQARHVKNGLECIRALKAEPIGSLAIEEAMAAWSEISDNPGQERATCREEKAGSSGLSKPCLSAIGSTEGGAPRIRGQGPGESDDDAETLGIPPRNLQASSTGLQCYYVYDHSGEAVKGIQDADSIMVQSGLDGDSTLSGGDNESENSDVDIGEPDTEGYAITDRGSAPISMGFRASDVETAEGGEIHELLRLQSRGNNFPKLGKTLNVPPPPDPGRASTSGTPIKKGTERRLASFGTEIASLLTGGATQCARKSPSEPSGPGAPAGNVPEYVSNAALIQEWTPESGTTISPRSQNNEEGGDYYDDELFSDVQDIKTALAKIHEDNQKIISKLESLLLLKGEVESIKKQINRQNISISTLEGHLSSIMIAIPGLGKDPNDPTADVEINPDLKPIIGRDSGRALAEVLKKPVASRQLQGMTNGRTSSRGQLLKEFQPKPIGKKMSSAVGFVPDTGPASRSVIRSIIKSSRLEEDRKRYLMTLLDDIKGANDLAKFHQMLMKIIMK
